peak_id,chrom,start,end,log2FC_Treg_vs_Tconv,pvalue,FDR,nearest_gene,distance_to_TSS
peak_00001,chr15,106128310,106128754,-1.337,0.016287076707885536,0.035582282846092834,Smarca4,-43361
peak_00002,chrX,39397755,39398886,1.723,0.0002840849705760484,0.0015383662666573017,Cd8b1,-21916
peak_00003,chr18,109937861,109938693,1.156,0.056392150341259974,0.09724089504496608,Tcf7,-38192
peak_00004,chr18,19194326,19195454,-0.064,0.8158474793218079,0.8353387160291549,Runx3,-7060
peak_00005,chr18,69215988,69216514,-2.094,0.0006982873716314389,0.00300985936048034,Bcl11b,-25002
peak_00006,chr7,77778368,77779293,2.088,0.008097447608176751,0.02031132343188148,Stat5a,-27446
peak_00007,chr12,54408337,54408606,-0.493,0.34250557861192127,0.4194162953828681,Stat3,-33591
peak_00008,chr14,102943337,102943598,0.452,0.20908744724620493,0.28002783113331015,Il2ra,32111
peak_00009,chr17,13842461,13842996,0.347,0.3573741965411072,0.4331749062559081,Notch1,2502
peak_00010,chr13,78180595,78181023,-1.438,0.03473442451256701,0.06628706968047139,Lag3,-24747
peak_00011,chr14,69784258,69785124,4.204,4.590843588175141e-08,1.9128514950729755e-06,Cd4,-45987
peak_00012,chr18,103139063,103140293,-1.457,0.0007524849508502386,0.0031795138768319943,Pdcd1,17979
peak_00013,chr6,20462444,20463728,0.897,0.05015168922794389,0.08829522751398573,Il17a,-41187
peak_00014,chr15,20488593,20489149,0.327,0.2698870647799884,0.3457135757215906,Ctcf,4344
peak_00015,chr15,33620758,33622092,-1.012,0.009530402846162267,0.02302029672986055,Hdac3,-32592
peak_00016,chr10,87978105,87979594,-3.67,1.50989573226099e-05,0.00017556927119313838,Batf,-14337
peak_00017,chr18,48854634,48855915,-0.694,0.141260296611477,0.20218553904314454,Cd8a,12691
peak_00018,chr12,71330998,71331483,0.407,0.17047530609536202,0.23699069429383043,Il2ra,-15348
peak_00019,chr5,8971214,8972488,0.426,0.28902753609887305,0.36325050620196536,Brd4,36720
peak_00020,chr6,72508732,72509650,1.104,0.033679436328484,0.06468521702013572,Tbx21,24937
peak_00021,chr15,43092490,43092756,1.213,0.0024099365259891052,0.008008736280330211,Notch1,39799
peak_00022,chr17,37179618,37180323,-2.277,0.0024743591765496935,0.008121529025874267,Cd8a,9564
peak_00023,chr11,32532495,32533015,-3.129,3.0337149764519217e-06,4.7920779505267634e-05,Ctcf,-16853
peak_00024,chr4,23896613,23896949,3.892,6.082189213817437e-09,3.9666451394461545e-07,Kdm6b,36401
peak_00025,chr10,76726310,76727073,1.067,0.007937726940790544,0.020072787596959723,Il4,-31802
peak_00026,chr17,68412859,68413496,-4.572,3.5335352907369966e-05,0.00033759891312773856,Lag3,-42619
peak_00027,chr14,64027466,64028112,1.841,0.0027562516332901342,0.008722315295221945,Stat5b,32281
peak_00028,chr7,104098606,104099692,-3.922,3.40360482337465e-07,7.74618781254094e-06,Tnf,24896
peak_00029,chr1,32342292,32342530,0.772,0.0457550113357319,0.08265193065808722,Stat4,28489
peak_00030,chr8,16687224,16688093,0.945,0.041143352703856224,0.07548981397622227,Tet2,17459
peak_00031,chr5,80703653,80705137,-2.663,1.1732564120864991e-05,0.00014425283755161873,Brd4,40426
peak_00032,chr9,63976377,63977007,0.318,0.4579084510068837,0.5239227128225213,Pdcd1,8081
peak_00033,chr17,38416030,38417260,3.766,0.000511724758028032,0.002429073218487494,Cd3e,47414
peak_00034,chr2,85073336,85073867,1.262,0.0060493831505582865,0.016438541169995345,Pdcd1,-14754
peak_00035,chr12,100991406,100991893,0.032,0.8929740587016026,0.9032104437305488,Ezh2,14326
peak_00036,chr17,45356852,45357771,1.489,0.014036689293225994,0.031323076096004154,Il7r,-36746
peak_00037,chr1,47250882,47252015,0.325,0.425480044142998,0.49436101178504804,Id3,-17031
peak_00038,chrX,104072557,104073861,-2.546,1.1317009564645686e-05,0.0001414626195580711,Notch1,11703
peak_00039,chr13,58006690,58007955,-0.063,0.8123009782436137,0.8351278049111861,Crebbp,23732
peak_00040,chr7,93198375,93199481,-1.095,0.033267447160134946,0.06405798554583109,Dnmt3a,32366
peak_00041,chr1,26416481,26417467,0.379,0.2920519907880492,0.36628594162380756,Prdm1,-40656
peak_00042,chrX,99665328,99666114,2.93,0.0021196337621168255,0.007275630762414732,Id3,40321
peak_00043,chr18,7572345,7573343,-0.82,0.02855799804416898,0.05681299345656959,Dnmt3a,-28058
peak_00044,chr17,43355250,43356081,-1.668,0.0006346865419013285,0.0028503886612335112,Ets2,-29374
peak_00045,chr10,70357339,70358683,-0.095,0.7371916205734848,0.7663114558975934,Ezh2,-13185
peak_00046,chr16,34277495,34278786,0.321,0.41708693055997015,0.48828245407731596,Rag2,-21632
peak_00047,chr14,34007365,34008720,-5.023,2.9449968097086823e-08,1.299263298400889e-06,Crebbp,46180
peak_00048,chr2,73739137,73739577,-0.856,0.130370602811818,0.1887605253066863,Stat3,44158
peak_00049,chr11,57773707,57774175,0.051,0.8697438901932458,0.883240211404909,Rad21,12401
peak_00050,chr19,71199228,71200135,-0.643,0.0830348053934385,0.12987717214823538,Bach2,-46865
peak_00051,chr19,59143588,59144166,0.869,0.01783406731958541,0.03832535956930962,Stat5b,27654
peak_00052,chr4,88864331,88864536,1.835,0.0001278564925857477,0.0008528869511037452,Ccr7,10679
peak_00053,chr1,41793961,41794242,-0.237,0.48192371074849355,0.5476405803960154,Dnmt3a,44686
peak_00054,chr16,9268300,9268599,0.75,0.03315206648939678,0.06400012835790884,Brd4,-2719
peak_00055,chr10,114079001,114079841,-2.605,8.087386416674279e-06,0.00011129430848634328,Klrg1,-23474
peak_00056,chr2,73674786,73675976,1.084,0.006834428688629919,0.018112443521104027,Cd28,37304
peak_00057,chr5,7463952,7464388,-3.757,1.3863592988541908e-07,4.07752734957115e-06,Ep300,5436
peak_00058,chr12,66335193,66336009,3.541,2.75521983658722e-05,0.0002792452537081642,Stat1,-43013
peak_00059,chr2,118293153,118294403,1.98,0.00011810927959494037,0.0008073285554153852,Smarca4,-25196
peak_00060,chr17,29345954,29347252,0.452,0.1373831795334897,0.1973896257665082,Cd8b1,-23315
peak_00061,chr17,10591117,10591585,-1.019,0.06246077155267746,0.10456602380470557,Il4,-20277
peak_00062,chr8,26898794,26899555,2.011,0.0030277046560876963,0.009441906411915892,Il4,22003
peak_00063,chrX,19948813,19949861,1.483,0.0032419599519624043,0.009863975513070194,Kdm6b,40658
peak_00064,chr18,96892557,96893945,-1.312,0.0023263008309129508,0.007830242955947302,Ep300,-38963
peak_00065,chr11,66512679,66513076,-0.512,0.17669580282119804,0.24473102883822442,Dnmt3a,-37966
peak_00066,chr3,25478431,25479571,0.611,0.0951666579856074,0.14515732544531448,Ifng,39416
peak_00067,chr4,11527929,11529343,1.053,0.005236068141953457,0.014571618205807393,Stat1,-48780
peak_00068,chrX,83586890,83587523,0.104,0.7472198199172156,0.7756607127168328,Ets2,-2034
peak_00069,chr12,73935269,73935559,0.174,0.6021502444342145,0.6488687978816967,Ctcf,-12792
peak_00070,chr18,45057748,45058138,0.048,0.8138457940968483,0.8353181780040857,Il17a,8645
peak_00071,chr9,13677663,13678527,1.124,0.005451160235064949,0.015058453688024722,Ccr7,48743
peak_00072,chr18,14799125,14800510,1.375,0.05359942189321058,0.09316237872516324,Prdm1,8808
peak_00073,chr14,96334990,96335410,-1.3,0.009574567423592802,0.023052730554396796,Klrg1,-37677
peak_00074,chr17,66999013,67000007,1.691,0.0003554928923698003,0.001833882946895178,Ep300,-12870
peak_00075,chr1,110642979,110643965,1.587,0.020455760149969762,0.04309500031594753,Stat1,42658
peak_00076,chr11,44444858,44446165,-0.007,0.984719449391843,0.9853763669698228,Runx1,2801
peak_00077,chr6,108349056,108350177,-1.42,0.002591372847200528,0.008377282911208603,Cd8b1,-14449
peak_00078,chr6,98820857,98822065,0.72,0.04713957692382946,0.0844055792899028,Cd8b1,49225
peak_00079,chr5,35659268,35660507,0.5,0.183852101413121,0.2514951852304383,Cd3e,-4735
peak_00080,chr14,101222427,101223925,-0.747,0.04017399960006863,0.07435323987332146,Hdac3,21695
peak_00081,chr3,76290684,76291815,-0.257,0.5912452404530248,0.6389537901149404,Rag1,-26148
peak_00082,chr7,12106974,12108421,-4.553,7.760783076444665e-06,0.00010778865383950923,Il21,25498
peak_00083,chr9,56723454,56724231,1.045,0.010458760269326637,0.024516681081719654,Runx1,-15323
peak_00084,chr13,60686915,60687389,0.741,0.0317009142678381,0.06202311144295298,Lef1,40351
peak_00085,chr12,23600176,23601666,3.269,1.7587440567200493e-07,4.796574700145589e-06,Rag1,44618
peak_00086,chr11,33139923,33140537,-0.141,0.5463513301749967,0.6021792274923335,Brd4,8431
peak_00087,chr8,97376466,97377115,-0.165,0.5569207421742535,0.6096519556438378,Stat1,47970
peak_00088,chr19,1712224,1713660,0.346,0.43019588757320043,0.4983098010038796,Stat1,47984
peak_00089,chr7,119707132,119707939,2.735,9.760069356494517e-06,0.00012842196521703313,Foxp3,40052
peak_00090,chr7,66696122,66697525,0.157,0.5830897749477845,0.6310495399867797,Id2,-27410
peak_00091,chr18,57132183,57132548,0.127,0.7135984514683543,0.7464418948413748,Stat5b,-8866
peak_00092,chr15,62246922,62247381,-1.179,0.021622615293225116,0.0449508525186498,Prdm1,-6383
peak_00093,chr3,73411785,73412143,-2.537,0.0009105632178996051,0.003681522444338026,Lef1,9020
peak_00094,chr5,4094089,4094786,-2.798,2.454256061536562e-06,4.0904267692276034e-05,Hdac3,-27487
peak_00095,chr13,113864685,113866093,-1.085,0.080915934454663,0.1273598128877172,Il2rb,25395
peak_00096,chr1,90856753,90857092,-1.539,0.00065515918516807,0.0028819318995662903,Bcl11b,-43209
peak_00097,chr10,85590636,85591034,-3.708,1.1553449135631421e-05,0.00014322457606154654,Tet2,21150
peak_00098,chrX,62523689,62524599,0.55,0.06483078631445739,0.10745434195766419,Stat1,-33245
peak_00099,chr17,45676444,45676953,-0.787,0.14203196099744747,0.20251705465415515,Stat5a,-14059
peak_00100,chr1,40646218,40647555,-1.284,0.008723711287496336,0.02145174906761394,Hdac3,-20948
peak_00101,chr18,98870935,98871322,3.354,1.7684272930542454e-06,3.357773341242238e-05,Rorc,-6207
peak_00102,chr9,24334966,24335788,0.095,0.7897582541935451,0.8141837672098402,Cd4,-7778
peak_00103,chr16,46201823,46202805,-0.294,0.5279866348622227,0.5879442525557773,Tnf,-45205
peak_00104,chr11,18813902,18815220,-1.475,0.03784876245901031,0.07116127503212544,Lag3,39568
peak_00105,chr12,77483651,77485013,-1.614,0.0025671431512017113,0.008316878459616775,Stat4,1840
peak_00106,chr12,54348337,54349107,2.208,0.0002822770042569809,0.0015383662666573017,Myc,-24565
peak_00107,chr17,66448295,66449680,0.017,0.9425579695865587,0.9476118997183901,Foxp3,13274
peak_00108,chr3,106317205,106318550,0.168,0.5365789907638877,0.5943171412790461,Crebbp,23829
peak_00109,chr8,86757475,86758788,-2.467,0.00048156482508514926,0.0023226599280634207,Ifng,-6502
peak_00110,chr12,51991374,51992267,-1.084,0.068450763123723,0.11233713860567232,Runx3,-37052
peak_00111,chrX,9765313,9765817,-0.931,0.010043634340331477,0.02376418025168671,Id2,12678
peak_00112,chr4,93504939,93505999,-1.4,0.0227055778404452,0.04671929596799424,Il17a,44044
peak_00113,chr13,10135003,10136111,2.717,1.8925349758165919e-06,3.54850307965611e-05,Tet2,-18431
peak_00114,chr4,87279990,87281076,1.126,0.01323093004946342,0.029917132897212106,Sell,10835
peak_00115,chr3,84174346,84174954,5.444,6.496904047184367e-12,3.248452023592183e-09,Cd8b1,-8152
peak_00116,chrX,12129555,12131025,2.936,0.0011797134854594764,0.004549023722851452,Tnf,17206
peak_00117,chr5,88017597,88017964,1.188,0.07465895547984659,0.11960328282850372,Rorc,-23305
peak_00118,chr1,100415418,100416509,0.865,0.05976035618363414,0.10140331931612129,Myc,-40114
peak_00119,chr14,71492209,71492677,-0.089,0.6769331513213906,0.7160787919478745,Tet2,-6663
peak_00120,chr13,115163520,115163728,1.276,0.07553938168502472,0.1204134670855867,Ikzf1,-4396
peak_00121,chrX,34747595,34748373,3.844,0.00010065290103100981,0.0007400948605221309,Il2rb,24971
peak_00122,chr3,96104940,96105463,0.725,0.19595421005539573,0.2655206098311595,Dntt,-37527
peak_00123,chr1,93662844,93664109,0.326,0.23450136918714198,0.30774457898575064,Dnmt3a,34603
peak_00124,chr5,73377110,73378335,-1.271,0.006623479069963208,0.017646924697948155,Il4,43262
peak_00125,chrX,31024484,31025900,-1.101,0.07567169461917607,0.12049632901142686,Tnf,9355
peak_00126,chr3,98892816,98893626,-0.37,0.44850056895216384,0.5159132311566301,Stat5a,-33627
peak_00127,chr4,107317406,107318106,1.2,0.03148629091717623,0.06173782532779653,Foxp3,-42789
peak_00128,chr8,103561161,103562184,2.396,0.00034536310598815955,0.001792542072602904,Cd4,23863
peak_00129,chr6,11959325,11960521,-0.461,0.1887130215625023,0.2564035619055738,Satb1,-16046
peak_00130,chr19,52668495,52668957,1.778,0.00021192728682232733,0.001251539095407445,Sell,-6983
peak_00131,chr5,63567416,63568795,-0.123,0.5691018861336035,0.6185890066669603,Ezh2,46251
peak_00132,chr4,85467808,85469208,-1.052,0.07302746114356364,0.11785725295948737,Runx3,2983
peak_00133,chr12,47322164,47322409,0.131,0.5866492190130854,0.6344440003746418,Stat4,13467
peak_00134,chr2,53900013,53901134,2.197,0.00010598999824271378,0.0007570714160193842,Smarca4,6971
peak_00135,chr2,21938063,21938728,0.058,0.8403455353686272,0.8580791715813075,Ikzf3,22770
peak_00136,chr17,93024614,93024820,-0.554,0.10881511398460451,0.1616066049276305,Foxp3,-18735
peak_00137,chr1,8867257,8868624,-1.598,0.006522105100530577,0.017438783691258227,Smc1a,44351
peak_00138,chr2,68534865,68535796,0.379,0.18809022331361547,0.25578906162323045,Notch1,12790
peak_00139,chr13,65892995,65894067,-0.584,0.18248650128190308,0.25089803109335895,Ikzf3,15257
peak_00140,chr6,21903248,21903846,0.796,0.04641919653506036,0.08348776355226682,Il21,1238
peak_00141,chr16,109571742,109572385,-0.228,0.5664434669453705,0.6165930336850912,Cd8b1,2450
peak_00142,chr17,4257726,4258185,2.003,0.00010231142232073867,0.0007437690174022437,Zeb2,45044
peak_00143,chr6,62334581,62335468,-0.717,0.0714652321250174,0.11601498721593734,Il2ra,4335
peak_00144,chr6,13376584,13377723,2.196,6.0358640351621846e-05,0.0004947429537018184,Sell,1919
peak_00145,chr2,46746699,46747014,0.254,0.578105156289869,0.626106667461952,Myb,17844
peak_00146,chr8,3726138,3726776,-2.25,4.792402461514797e-05,0.0004203861808346313,Stat3,48046
peak_00147,chr12,69787149,69787620,1.05,0.06134805203493084,0.10327954888035495,Lag3,24333
peak_00148,chr6,82568869,82569227,-2.638,5.877631666018811e-06,8.477353364450208e-05,Sell,45683
peak_00149,chr16,42513728,42514419,0.224,0.3296718699371149,0.40633344692331336,Ctla4,39066
peak_00150,chr14,19253193,19254163,0.632,0.2032369410047843,0.27292337646121434,Ezh2,41063
peak_00151,chr13,16828111,16829321,-0.839,0.06637016663793548,0.10940137357901451,Cd28,10919
peak_00152,chr14,56679923,56680559,-0.114,0.569033358979479,0.6185890066669603,Ets1,-16266
peak_00153,chr6,100689790,100690034,0.125,0.5758195777390673,0.6240819122894516,Cd3e,-49984
peak_00154,chr12,28145384,28145978,-4.883,1.2163924796055244e-06,2.46566043163282e-05,Tnf,39865
peak_00155,chr16,115005907,115006840,-0.607,0.2201162108122361,0.2924484643209514,Cd4,41306
peak_00156,chr2,9087346,9087562,-4.668,2.723890710174515e-10,3.416867600103668e-08,Ep300,-8487
peak_00157,chr9,111900268,111900936,0.709,0.10240309885374718,0.15363571711697538,Cd28,-36605
peak_00158,chr6,20685990,20686412,0.398,0.3022421671134485,0.3765475503905089,Notch1,23390
peak_00159,chr11,44235239,44236244,2.535,0.0033794065601555775,0.01021997951659953,Rad21,-18989
peak_00160,chr12,77915590,77916154,2.18,0.00012276466196046627,0.0008294909591923396,Gata3,8257
peak_00161,chr18,104223018,104223795,5.837,7.640494849139463e-13,5.881618507277784e-10,Ets1,-19540
peak_00162,chr10,47513539,47514712,-0.17,0.4640916995864349,0.5297850451899941,Tnf,33852
peak_00163,chr1,104227998,104228594,-4.213,3.928994458663179e-05,0.00036379578320955356,Stat5b,-13052
peak_00164,chr11,66413955,66414252,-2.69,0.003221947526397563,0.009823010751212082,Ifng,-25389
peak_00165,chr10,90590658,90591883,-0.466,0.27303930534347076,0.3487356058476092,Il7r,-36886
peak_00166,chr11,109255896,109257163,-1.158,0.007338315440833057,0.019089909400922634,Ikzf2,23497
peak_00167,chr17,11577683,11579099,2.397,4.120646358865243e-05,0.00037234756254806415,Kdm6b,31563
peak_00168,chr10,67431418,67432087,-2.286,0.00906797517949575,0.022131517062513067,Crebbp,28432
peak_00169,chr13,92446883,92447349,-0.662,0.07883203352980588,0.12446448976831492,Notch1,14403
peak_00170,chr16,88076747,88077856,-3.729,8.341167937553543e-06,0.00011289339619668076,Rag2,28457
peak_00171,chr17,35824601,35824821,2.333,0.00019937158059454228,0.0011962294835672536,Runx1,47996
peak_00172,chr13,42149884,42150415,1.148,0.0677157697987343,0.11125263384238931,Prdm1,46960
peak_00173,chr9,10407896,10408648,0.444,0.1570077279728407,0.22176232764525525,Ezh2,-44998
peak_00174,chr7,89007943,89009221,0.694,0.049115818072901295,0.08708478381720088,Dntt,27620
peak_00175,chrX,77767389,77768265,-0.252,0.5610057900169134,0.6124517358263247,Tbx21,20595
peak_00176,chr10,68819295,68820458,1.212,0.06856480186502857,0.11236933687666126,Tnf,-18371
peak_00177,chr7,65304947,65305274,0.88,0.021486804528513023,0.04482643503862244,Il4,-2098
peak_00178,chr1,94347937,94348355,1.853,0.00023413263697344124,0.0013559805230122079,Ikzf2,-16039
peak_00179,chr16,91906588,91907952,-1.167,0.05041074234866673,0.08864726087104349,Lag3,-20099
peak_00180,chr19,47173692,47174032,1.225,0.024221325537505212,0.0494312766071535,Cd28,29505
peak_00181,chr15,45367722,45368493,-1.022,0.03323383487476585,0.06405798554583109,Batf,-48266
peak_00182,chr3,107735081,107736452,0.153,0.5463772857447107,0.6021792274923335,Cd8b1,-29285
peak_00183,chr4,24425759,24426214,-0.177,0.4939768666200776,0.5583725557553877,Tet2,-27345
peak_00184,chr4,35320594,35321977,-3.04,1.963319109687703e-05,0.00021977452720384736,Satb1,-17547
peak_00185,chr17,99721260,99722024,-2.029,0.0008208633939382877,0.0034297913395750185,Bach2,17499
peak_00186,chr3,74469072,74469628,-3.109,0.0006465213244891499,0.002858857316244967,Cd8b1,5278
peak_00187,chr5,99710446,99711435,-0.746,0.11250944258302822,0.16643408666128434,Smc1a,40060
peak_00188,chr2,81104117,81105026,0.266,0.4694395844906179,0.5354824157687657,Bach2,35979
peak_00189,chr16,107862869,107863167,2.149,0.0006127625148835704,0.0027685053383293846,Ikzf2,12544
peak_00190,chr16,80820737,80822212,-0.37,0.325387945025405,0.4013831558701542,Kdm6b,-23378
peak_00191,chr16,93100063,93101310,1.63,0.001001840846362997,0.0039650693127823095,Il4,-31160
peak_00192,chr18,19735995,19736883,1.87,0.01186351552476839,0.02725156705536384,Pdcd1,10044
peak_00193,chr15,114149525,114150056,-0.274,0.29804267483808156,0.37255334354760195,Il2ra,-32419
peak_00194,chr14,106891710,106892167,0.215,0.47612492929693934,0.5419774186927616,Gata3,29725
peak_00195,chr12,5846471,5847187,-3.523,2.7770331781822666e-08,1.2622878082646667e-06,Ets2,-12077
peak_00196,chr14,37142226,37143047,0.421,0.18573248359374686,0.2535020249232214,Il17a,-42834
peak_00197,chr15,15140354,15140985,2.935,2.573458087747293e-06,4.195855577848847e-05,Rag2,18275
peak_00198,chr13,49237625,49238012,1.36,0.03173425541609894,0.06202311144295298,Ctla4,12528
peak_00199,chr14,60013318,60014667,1.447,0.004481262078401744,0.012946942750105073,Rad21,-43095
peak_00200,chr14,54091316,54091832,0.416,0.18990774716935663,0.2575602357631419,Smc1a,-33452
peak_00201,chr3,1253162,1253959,-0.506,0.10040445003641378,0.15151576967265662,Rag1,8502
peak_00202,chrX,2226444,2227006,0.717,0.16775763205848876,0.234298368796772,Il21,-28096
peak_00203,chr10,35551103,35552384,-0.892,0.05405510764888545,0.0938330471201138,Cd3e,77
peak_00204,chr17,60885656,60886812,-1.118,0.0047305301056647245,0.013515800301899212,Dntt,17729
peak_00205,chrX,37429288,37429650,0.692,0.08508795728965113,0.13212415728206697,Tbx21,11970
peak_00206,chr10,49949593,49950010,-0.06,0.8287717181837637,0.8474148447686745,Stat4,-13499
peak_00207,chr7,104207033,104207420,-0.311,0.2232851065116252,0.29549646185544404,Lef1,43512
peak_00208,chr13,82981032,82982367,-0.237,0.41560412502653904,0.48743294754850125,Lag3,-12824
peak_00209,chr7,105987535,105988789,0.013,0.9746956403177899,0.9779554919576487,Il7r,11676
peak_00210,chr17,47648490,47648866,-1.372,0.04463443511820017,0.08144969912080323,Ep300,-28342
peak_00211,chr12,28887045,28888331,-1.322,0.03896728319815241,0.07279069090563962,Ezh2,-29327
peak_00212,chr7,53567609,53568674,-0.675,0.040148008038721913,0.07435323987332146,Il21,9839
peak_00213,chr6,5132515,5133304,-0.703,0.14414249324195674,0.20513637558153236,Irf4,6666
peak_00214,chr15,25909428,25909647,-0.967,0.07537776356421472,0.12028366526204476,Lag3,7
peak_00215,chr6,17128941,17130386,-2.442,7.042705711248213e-06,9.872951931656373e-05,Il7r,-23596
peak_00216,chr6,8131986,8133377,-0.285,0.37237597341969636,0.44613734834628155,Irf4,20194
peak_00217,chr10,31626475,31627386,-1.31,0.0408795726553959,0.07523847727986975,Ikzf3,23127
peak_00218,chr11,65973093,65974156,2.144,0.0005436906818187523,0.00254061066270445,Bach2,2481
peak_00219,chr10,30044476,30045211,1.962,0.0022625068802553266,0.007695601633521519,Lag3,30001
peak_00220,chr7,87586628,87587033,-2.42,0.0008999885460277805,0.003648602213626137,Il21,6484
peak_00221,chr4,46112066,46113448,-1.679,0.02922408187393508,0.057679108961713965,Il2ra,-37634
peak_00222,chr18,68557790,68558897,3.26,2.040339901662394e-05,0.0002243552466129426,Lag3,-8450
peak_00223,chr15,54415096,54415963,-1.617,0.005357323932682681,0.014853948057345696,Il7r,-41637
peak_00224,chr1,18801657,18801957,2.012,0.0031674447222984153,0.00969625935397474,Satb1,6205
peak_00225,chr16,63105332,63106439,0.47,0.1021531526345132,0.15363571711697538,Ikzf2,19793
peak_00226,chr6,21698345,21699804,0.702,0.051952850654863963,0.09100378454564323,Cd8a,39835
peak_00227,chr14,54363666,54364163,2.455,0.00010668761490649197,0.0007584427599987581,Myb,12389
peak_00228,chr10,46612890,46613535,2.263,0.008056749863819154,0.020277055026390486,Myb,-35860
peak_00229,chr15,56462852,56463717,0.285,0.42280488910543257,0.4923969981817926,Stat5b,18207
peak_00230,chr11,57317311,57317927,-0.243,0.39285635741686764,0.4658375779646652,Il2ra,-11180
peak_00231,chr13,93468606,93469200,0.799,0.20027459456065758,0.26976789947669166,Gata3,38004
peak_00232,chr19,49736553,49737661,0.664,0.05882744757652265,0.10017248304554292,Runx1,36745
peak_00233,chr18,64855508,64856530,-1.047,0.09807822197605712,0.1481704657416558,Ets1,-15816
peak_00234,chr5,82088001,82088751,-1.115,0.048839733507858515,0.08669775178909794,Rad21,-13021
peak_00235,chr6,73163457,73164041,6.495,3.1551698013425436e-07,7.633475325828735e-06,Sell,-25209
peak_00236,chr18,68240941,68242223,-1.672,0.0053316578958312755,0.014810160821753543,Dntt,43964
peak_00237,chr17,67956311,67957123,1.508,0.007635774021607654,0.01954549664234041,Tet2,6688
peak_00238,chr5,36329561,36329902,0.202,0.3855892225341191,0.45867076431497117,Kdm6b,-39996
peak_00239,chr14,113433445,113434294,-0.297,0.41356613382950297,0.48578637489761506,Ifng,-6734
peak_00240,chr9,4675057,4675305,3.143,4.8639194228057425e-05,0.00042417901943073334,Stat3,-23928
peak_00241,chr4,77977334,77977556,0.111,0.7715855833718113,0.7987428399294113,Il2rb,10482
peak_00242,chr2,16245338,16246498,1.766,0.00411198404391954,0.012070403260037787,Il17a,9988
peak_00243,chr11,83424477,83424775,1.096,0.0247758525090462,0.050318533575416276,Hdac3,-21889
peak_00244,chr8,9392629,9394054,-1.833,0.0003208487394931772,0.00168867757627988,Il4,-34417
peak_00245,chr8,88964769,88966097,-2.229,0.008279470037702288,0.020595696611199723,Zeb2,26966
peak_00246,chrX,88100336,88100943,0.409,0.38031111159454795,0.4538966150267206,Il4,10037
peak_00247,chr7,47281510,47281750,-0.484,0.3355676275204195,0.41258314859067974,Satb1,-4504
peak_00248,chr17,20378796,20379036,1.723,0.00027188301978929076,0.0015048875634093583,Ep300,-15115
peak_00249,chr17,17002030,17002365,0.72,0.10671710116612194,0.1586478213569702,Smarca4,35447
peak_00250,chr17,12765457,12766896,-0.05,0.8860579069093778,0.8974252939662841,Tet2,-43259
peak_00251,chr14,43176259,43177611,-2.46,1.232770351394624e-05,0.00014912544573322063,Rorc,-44155
peak_00252,chr8,32405797,32407096,-0.337,0.4156178266096887,0.48743294754850125,Batf,-33593
peak_00253,chr10,37464167,37465510,3.12,2.1264604034667528e-06,3.735154852074343e-05,Tbx21,12359
peak_00254,chr13,109090160,109090930,-0.38,0.16297492368651456,0.22846951918670266,Tcf7,37959
peak_00255,chr17,119193685,119194094,-2.049,0.007237055540494232,0.01890944074188768,Runx1,20602
peak_00256,chr4,89774982,89775412,-0.058,0.8554304622924608,0.8717022373904151,Ets2,6247
peak_00257,chr18,46630936,46631177,1.364,0.009176645888364423,0.022281377224758356,Ikzf2,48708
peak_00258,chr10,107522803,107524100,0.171,0.6699335597553561,0.7106791652284541,Stat1,16133
peak_00259,chr11,33806640,33808121,0.026,0.8976917630897359,0.9067593566562988,Ikzf2,-29816
peak_00260,chr11,12235404,12235634,2.135,0.00010837247195888942,0.0007667863581996893,Ctcf,-6092
peak_00261,chr7,20521780,20522310,-0.966,0.0858085714251372,0.13296108710771645,Dnmt3a,-22004
peak_00262,chr1,54783079,54784333,1.771,0.000205833742047078,0.0012252008455183212,Crebbp,24083
peak_00263,chr8,33369821,33370023,0.982,0.047128389421781304,0.0844055792899028,Irf4,-33444
peak_00264,chr16,3470026,3471179,-2.291,0.00026369065483995707,0.0014703939860964148,Myc,360
peak_00265,chr15,24860206,24860690,-4.097,0.0001148947617478034,0.0007939617981690428,Runx1,22179
peak_00266,chr19,81268390,81269868,1.426,0.0010673945766909553,0.004141892739022466,Ifng,-16788
peak_00267,chr1,10028530,10028993,-2.298,0.002635126499152769,0.008482166842766424,Runx3,-14666
peak_00268,chr5,19850552,19851125,2.748,0.00035577329169766454,0.001833882946895178,Bcl11b,39746
peak_00269,chr18,85942549,85943720,0.081,0.7164002160230319,0.7488504000240751,Satb1,-35716
peak_00270,chr14,14071740,14072499,-0.101,0.8147136629466516,0.8353181780040857,Myc,6882
peak_00271,chr5,47613740,47614494,0.438,0.21669806429635538,0.2886741531478979,Foxp3,21465
peak_00272,chr6,90362274,90362782,0.284,0.3712656388789614,0.44546556947022575,Klrg1,43888
peak_00273,chr15,61574565,61575248,-1.826,0.00011262939143027628,0.0007857864518391369,Kdm6b,17955
peak_00274,chr16,94613419,94614037,0.336,0.20503656165188205,0.2748479378711555,Il2rb,48704
peak_00275,chr11,102108417,102109149,-1.118,0.01039687555895095,0.024444064793771824,Ctcf,-45001
peak_00276,chr14,15651339,15651852,0.965,0.04869762475857011,0.08654791130077626,Dnmt3a,-1166
peak_00277,chr7,100546420,100547811,1.28,0.045267807343671,0.08230510426122001,Gata3,13552
peak_00278,chrX,89929147,89929389,3.054,1.033196322547739e-05,0.00013476473772361811,Crebbp,12624
peak_00279,chr5,2283008,2283534,0.43,0.3113682340187242,0.3863129454326603,Smarca4,37485
peak_00280,chr2,4571251,4572574,-0.214,0.5440196216014083,0.6009053257747514,Lag3,-9996
peak_00281,chr14,98420531,98421515,-0.014,0.9569884567965709,0.961475341724619,Ep300,-29981
peak_00282,chr17,73614713,73615274,0.301,0.4219502730095181,0.4917835349761283,Ets2,-42664
peak_00283,chr14,39278051,39278913,1.039,0.009179927416600443,0.022281377224758356,Lef1,-43684
peak_00284,chr18,44692303,44693020,0.79,0.04569749121502714,0.08265193065808722,Il21,-43028
peak_00285,chr4,64164641,64166125,-3.435,0.00042862521306079077,0.0021360060451534424,Dntt,-32774
peak_00286,chr11,47101765,47102774,-2.323,4.054129047755224e-05,0.00036855718615956583,Rag1,35378
peak_00287,chr2,90132717,90132986,3.087,0.0009268947457308986,0.0037374788134310433,Stat5b,25075
peak_00288,chr4,22807501,22808780,0.589,0.08317616637343753,0.12996275995849613,Il4,-44607
peak_00289,chr9,28839716,28840594,-0.355,0.2942722541507099,0.3684544083690024,Tet2,8757
peak_00290,chr14,91309221,91310327,-4.183,1.279455930211128e-05,0.00015353471162533536,Bcl11b,42032
peak_00291,chr13,115816240,115817112,0.721,0.10534572884444157,0.15692015220125358,Lef1,30951
peak_00292,chr23,2191314,2191872,2.123,0.00012969033715978294,0.0008607765740693558,Sell,-9523
peak_00293,chr10,97285809,97286852,-2.73,2.44187190489289e-05,0.000257944215305587,Smarca4,-38835
peak_00294,chr19,14010121,14011112,-0.136,0.7099972876264639,0.7450191546754406,Cd8b1,-26507
peak_00295,chr7,2699312,2699955,-0.45,0.3401255338601548,0.41716132525775323,Cd3e,30015
peak_00296,chr15,53829112,53830486,-0.68,0.04958209833655616,0.08780773023002864,Il17a,44357
peak_00297,chr3,5267124,5267416,1.462,0.0008989039300377228,0.003648602213626137,Ikzf1,40197
peak_00298,chr7,1735959,1737271,-0.308,0.34351181708962614,0.41959912510947817,Smc1a,-24677
peak_00299,chr2,106061016,106062372,-3.755,0.00044170971214286826,0.002178061102385489,Ets2,14723
peak_00300,chr3,22976842,22977397,-1.047,0.006872436051115597,0.018181047754274066,Lef1,15156
peak_00301,chr2,23922807,23924158,-2.364,0.002457508099346108,0.00808390822153325,Rag2,-43679
peak_00302,chr16,83504254,83505514,-0.048,0.8675719562930156,0.8816788173709509,Il2ra,28332
peak_00303,chr15,24717504,24717757,2.316,6.785574761560245e-05,0.0005414022416138493,Prdm1,32684
peak_00304,chr16,105170974,105172428,1.726,0.00031079906433396486,0.0016531865124147067,Ikzf3,-10586
peak_00305,chr12,8291429,8291851,0.781,0.03296925040075554,0.06380135196232838,Cd4,2273
peak_00306,chr18,75088405,75089608,2.819,0.0030525479841866637,0.009465558457528554,Myb,-26212
peak_00307,chr4,81701730,81702405,-0.971,0.12057056019235635,0.176617031531772,Tet2,-30989
peak_00308,chr10,72786970,72787327,-2.512,1.2089973996392676e-05,0.00014743870727308142,Il2rb,-29873
peak_00309,chr7,67652502,67653222,-2.989,2.0831117255947886e-05,0.00022642518756465095,Rorc,6920
peak_00310,chr1,70928460,70928832,2.924,0.00244428195512922,0.008075821437651608,Rad21,-39869
peak_00311,chr3,20786873,20787629,-1.532,0.00048015777547558294,0.0023226599280634207,Foxp3,-4462
peak_00312,chr18,99923891,99925072,1.051,0.0069483387968216365,0.018317237601463015,Crebbp,8135
peak_00313,chr3,96158975,96160394,-3.761,1.5988092599697196e-07,4.4411368332492215e-06,Ets1,-8759
peak_00314,chr9,67652207,67652927,-1.306,0.034431577753008855,0.06589668424172747,Tbx21,-4981
peak_00315,chr11,68296551,68297585,-0.418,0.24308443989043088,0.31679119012653895,Cd8a,-42115
peak_00316,chrX,74253411,74254252,-1.794,0.00024078950783388732,0.001389170237503196,Id3,3525
peak_00317,chr19,77502005,77503490,-1.469,0.004456448541424734,0.012929734646300001,Ctla4,16150
peak_00318,chr1,13772515,13772925,-5.788,4.720390604984474e-08,1.9136718668855973e-06,Ep300,35578
peak_00319,chr9,73070605,73072066,1.323,0.03676537490371096,0.06945599792892498,Brd4,30281
peak_00320,chr15,32028546,32028748,0.08,0.835207815450176,0.8534139803646212,Hdac3,18287
peak_00321,chr9,81532830,81533145,0.238,0.4722304556924632,0.5382565984336586,Il4,11980
peak_00322,chr18,69382210,69383082,-2.158,0.00022976129524772472,0.0013358214839983994,Cd4,28209
peak_00323,chr7,39423203,39424680,-2.795,3.7349010389363196e-05,0.00035014697240027994,Myb,-37362
peak_00324,chr11,41211829,41212939,1.065,0.11517278394962037,0.17003855898073875,Ikzf1,-16707
peak_00325,chr13,96636775,96638210,0.238,0.3157304238117214,0.39075547501450664,Bcl11b,27084
peak_00326,chr3,28097061,28097853,-2.703,0.00047358054087830057,0.0022989346644577695,Ets1,-40860
peak_00327,chr8,72698354,72699149,-0.114,0.6126972755665275,0.6583423448064407,Myc,-43981
peak_00328,chr18,87982002,87983475,1.711,0.001308280680874623,0.004918348424340688,Rorc,-22910
peak_00329,chr1,12329025,12329771,0.107,0.6970279909091889,0.732685344333415,Ets1,33369
peak_00330,chr13,51322258,51323629,4.755,8.597482792973298e-08,2.803526997708684e-06,Rorc,26037
peak_00331,chr2,32395779,32396495,1.299,0.02690270762401295,0.053945580054103305,Ets1,-41397
peak_00332,chr12,65880820,65881183,3.928,3.17176174976106e-05,0.00031507567050606555,Tbx21,-26064
peak_00333,chr15,65374605,65375559,-1.93,0.0005746227533276777,0.0026439697239003575,Bcl11b,-10953
peak_00334,chr6,99842967,99843770,-0.367,0.23368045377738828,0.3069357974308953,Dnmt3a,13562
peak_00335,chr2,95433717,95434091,-1.395,0.001771302977525446,0.006281216232359737,Cd8b1,9902
peak_00336,chrX,47205553,47206642,2.297,0.003367360990280496,0.0102041242129712,Lag3,-1725
peak_00337,chr6,53681128,53681827,0.486,0.15317324549665567,0.2165502999481466,Bcl11b,32859
peak_00338,chr10,9367421,9368365,0.893,0.08488338593180282,0.13194308694062615,Prdm1,105
peak_00339,chr17,1533551,1534788,1.249,0.018803896118910167,0.040008289614702486,Myc,5997
peak_00340,chr13,63348942,63350337,0.208,0.42008261377297496,0.49113321953192707,Rag1,13469
peak_00341,chr8,71418440,71419219,-1.451,0.0353391781509741,0.06727000917063598,Batf,-25804
peak_00342,chr14,95510616,95511395,0.686,0.18285802368181192,0.25117860395853286,Zeb2,-3097
peak_00343,chr11,91097834,91098771,-0.54,0.08751864284745386,0.1349208265890861,Bcl11b,19512
peak_00344,chr6,13761396,13762874,3.2,5.298927671190076e-05,0.00044653884869579296,Brd4,-5908
peak_00345,chr17,112136758,112137562,0.961,0.012208655143488121,0.027873641880109865,Id2,-5502
peak_00346,chr12,22351492,22352843,0.774,0.03816395286681388,0.071468076529614,Lef1,42142
peak_00347,chr10,106849368,106849762,-2.202,0.0038596370963535696,0.011487015167718958,Tet2,18477
peak_00348,chr14,34554228,34555218,2.825,0.00013644110647783445,0.0008976388584068056,Il17a,-26674
peak_00349,chrX,46070804,46071860,-4.433,2.3403745643709513e-07,6.158880432555135e-06,Hdac3,41786
peak_00350,chr15,88944408,88945184,0.525,0.08916481264792366,0.13689582289855218,Klrg1,35168
peak_00351,chr16,64099315,64100333,-0.578,0.261147576549849,0.3370347840781025,Stat5b,12153
peak_00352,chr14,104407958,104408451,-1.807,0.0002224325780821475,0.0012982446191565028,Stat3,-28875
peak_00353,chr10,61137923,61139321,-1.652,0.0007210149754690237,0.0030812605789274513,Pdcd1,11283
peak_00354,chrX,82942712,82943269,1.837,0.0022799973320475142,0.007724755235387677,Ets1,-27361
peak_00355,chr8,99375162,99375991,0.068,0.7322732227082214,0.7622552630550534,Gata3,-444
peak_00356,chr4,78627947,78628487,0.117,0.6060801244667646,0.6521665614778672,Cd28,49436
peak_00357,chr4,40396638,40397750,0.142,0.7112449529968206,0.7450191546754406,Ep300,-4634
peak_00358,chrX,63154248,63154957,-0.563,0.07217657382143354,0.11691669625502193,Ctla4,-45426
peak_00359,chr9,51364851,51365166,1.078,0.007388034919451379,0.019139986837956938,Il21,42293
peak_00360,chr9,73949469,73950363,1.16,0.052696693027793506,0.0918060854142744,Foxp3,-33318
peak_00361,chr3,115468110,115469472,1.042,0.02750662571114974,0.054939998091510796,Ccr7,-43570
peak_00362,chr8,91516875,91517849,0.206,0.6544536881264538,0.6957338994965845,Bach2,-18299
peak_00363,chr17,33633741,33634132,-0.0,0.9996916109354043,0.9996916109354043,Ifng,45757
peak_00364,chr1,88119627,88120450,0.248,0.5626095845262742,0.6137559103922992,Ets1,4240
peak_00365,chr6,70514328,70515107,-2.357,0.0005987587433206655,0.0027299030850486267,Runx1,199
peak_00366,chr7,94893108,94893859,-1.173,0.05682729860754538,0.0976414065421742,Ezh2,-15950
peak_00367,chr12,20667295,20667842,2.726,0.00019301123806202727,0.001167406681826778,Rad21,-21755
peak_00368,chr16,12764254,12765334,0.024,0.9292383597787297,0.9361031159624544,Id3,9620
peak_00369,chr1,88377374,88378428,2.284,0.00020418857906353706,0.0012202504724912573,Smarca4,-46447
peak_00370,chr14,50454095,50455443,1.195,0.004535689758873614,0.01303284742038899,Ezh2,35833
peak_00371,chr14,50533881,50535235,0.055,0.7702151718908009,0.7978748327598076,Bach2,18130
peak_00372,chr3,61525243,61526584,2.98,2.721991508450514e-05,0.0002777542355561749,Foxp3,-17441
peak_00373,chr17,49806615,49807994,0.834,0.08559385800080109,0.1327722719764236,Brd4,41299
peak_00374,chr2,84636440,84637505,1.215,0.06338625459912776,0.10576127018764366,Sell,8881
peak_00375,chr17,103175693,103176542,-1.466,0.003074758231186902,0.009509561539753304,Ets2,-9846
peak_00376,chr13,20385061,20385717,0.435,0.35756376360301545,0.4331749062559081,Il7r,39023
peak_00377,chr10,60116982,60117796,-2.833,0.0006592957780657396,0.0028916481494111385,Stat3,15246
peak_00378,chr13,16030540,16031753,0.419,0.20480767273226436,0.27478668076779655,Rorc,3312
peak_00379,chr2,26733194,26734500,0.102,0.6629041372085422,0.7042182760713976,Stat5b,21878
peak_00380,chr10,20618855,20619325,0.343,0.3005642229798609,0.37476835783025053,Dnmt3a,47363
peak_00381,chr6,6731587,6732326,0.849,0.08239717576326727,0.12928427159508463,Cd4,-42007
peak_00382,chr4,107287914,107288183,4.22,1.0402628008089059e-09,9.178789418902111e-08,Irf4,7874
peak_00383,chr3,70976913,70977401,-1.103,0.010559491908961334,0.024671710067666667,Crebbp,4582
peak_00384,chr6,112858182,112858802,4.344,8.971975877279196e-07,1.895487861397013e-05,Cd8a,-2723
peak_00385,chr11,56223756,56225047,1.579,0.0020070341432314493,0.006985037621455159,Bach2,-22291
peak_00386,chr6,92258328,92258997,-4.434,2.3095442614001593e-09,1.7321581960501196e-07,Rag1,24306
peak_00387,chr14,13342753,13343893,-1.614,0.031833157281601625,0.062043905925957266,Satb1,-42585
peak_00388,chr6,79082647,79083590,-2.462,2.575383586310957e-05,0.00026826912357405807,Cd8a,-7427
peak_00389,chr18,3320113,3320562,-1.179,0.028843566457487018,0.05722929852675996,Rorc,30727
peak_00390,chrX,87386673,87386908,1.523,0.04111178854312288,0.07548981397622227,Satb1,40208
peak_00391,chr14,100146567,100147458,0.893,0.13429030576268597,0.193687941003874,Ccr7,26603
peak_00392,chr14,64530538,64530874,0.25,0.37425044025650844,0.4473112831751097,Zeb2,24955
peak_00393,chr7,16210141,16211117,0.069,0.870286021637637,0.883240211404909,Crebbp,-478
peak_00394,chr18,27104857,27105673,1.84,0.0006472518374926164,0.002858857316244967,Gata3,-23283
peak_00395,chr7,87145147,87146516,0.354,0.24531104589329153,0.31858577388739157,Lef1,20372
peak_00396,chr5,84548977,84549427,0.413,0.37322106882439576,0.4464803222565894,Myb,-7027
peak_00397,chr17,116713381,116714784,4.548,1.3238250073401216e-07,3.9714750220203655e-06,Ikzf1,14066
peak_00398,chr1,22706607,22707464,-0.369,0.2690455519363809,0.3452252591142612,Klrg1,-29051
peak_00399,chr7,91695585,91696325,1.843,0.0002536432321386249,0.0014303189782253283,Zeb2,44322
peak_00400,chr7,10365230,10366143,2.339,0.0020372760395260653,0.007073875137243283,Il4,24507
peak_00401,chr8,9984612,9985585,-0.916,0.11755563322720249,0.17287593121647424,Runx1,-17469
peak_00402,chr13,86549840,86551230,0.313,0.2783897311453569,0.3528810504549147,Stat1,-39541
peak_00403,chr7,63935815,63936873,1.142,0.041167111888366546,0.07548981397622227,Zeb2,-46033
peak_00404,chr19,60105959,60106917,2.177,0.0004311230891671572,0.002141339846856741,Hdac3,-49925
peak_00405,chr7,31994773,31995225,0.665,0.09212174038179204,0.1411466910854832,Pdcd1,29622
peak_00406,chr13,118633023,118633940,0.245,0.5450264634205345,0.6015744629365724,Bach2,13576
peak_00407,chr5,76306129,76307054,-1.225,0.028988854749954385,0.05744158801179865,Runx3,-38280
peak_00408,chr11,23614084,23615528,2.521,0.0002773409393807779,0.0015238513152789994,Batf,-30557
peak_00409,chr3,39904304,39905091,2.187,5.297143533076565e-05,0.00044653884869579296,Zeb2,29808
peak_00410,chr4,53834964,53835236,-0.487,0.28612742640678585,0.3606648232018309,Myc,-33297
peak_00411,chr3,12124053,12124511,1.57,0.01664922433401947,0.036141586832169614,Stat1,27964
peak_00412,chr8,10214689,10215918,2.246,0.0018946436845597727,0.0066556569715214495,Ezh2,24101
peak_00413,chr1,92876220,92876680,0.56,0.06418685733349834,0.10673961247492589,Brd4,46295
peak_00414,chr15,99011159,99011551,3.204,8.728731013659813e-05,0.0006687354676157304,Pdcd1,-18887
peak_00415,chr7,19325678,19326695,-2.465,2.049111252398209e-05,0.0002243552466129426,Cd3e,28803
peak_00416,chr7,48085391,48086857,-2.664,1.0649027298211586e-05,0.00013652599100271264,Il21,49263
peak_00417,chr19,105447665,105448106,-1.6,0.007429593627045623,0.019181394906314,Ezh2,-19864
peak_00418,chr7,9999573,10000928,1.953,0.0003160363679381811,0.0016751044237006067,Il7r,-12323
peak_00419,chr4,79750889,79752012,-1.707,0.0016914048780687365,0.006098815666113233,Ikzf1,24820
peak_00420,chr15,40055131,40055728,-0.083,0.8189489444272127,0.8379423033020593,Smc1a,25019
peak_00421,chr19,82954054,82955194,0.497,0.21705906581161621,0.28889849043249716,Irf4,33958
peak_00422,chr7,70305036,70306424,-0.515,0.07891048651311167,0.12446448976831492,Ctcf,-46835
peak_00423,chr18,102275565,102277025,0.268,0.5490070389400825,0.6037556337020185,Tbx21,-33204
peak_00424,chr9,90456830,90457853,0.399,0.2166255842756399,0.2886741531478979,Ikzf2,-38312
peak_00425,chr12,24047493,24048964,1.272,0.0217464607768346,0.045117138541150625,Prdm1,43622
peak_00426,chr13,19967393,19968209,3.058,0.0004398924950333889,0.002177685618977173,Cd28,11691
peak_00427,chr8,26676384,26677427,4.467,1.7290968172844076e-08,8.645484086422039e-07,Il2ra,13984
peak_00428,chr5,21660931,21661576,0.186,0.5084069168142383,0.5714295557776002,Il7r,-30547
peak_00429,chr4,59451983,59453119,-2.62,0.0007391532565981225,0.0031408778608985376,Crebbp,4522
peak_00430,chr4,25710627,25711934,-4.792,9.967032462885163e-09,5.155361618733706e-07,Ctcf,-5997
peak_00431,chr8,47861652,47862691,0.416,0.2822884882476885,0.35642485889859654,Rag1,-45585
peak_00432,chr17,28018314,28019371,0.791,0.02462963997381715,0.0501281681963714,Tnf,-10335
peak_00433,chr12,32610502,32610707,1.287,0.015111550112814141,0.03333430171944296,Stat1,40024
peak_00434,chr3,106450630,106451228,-0.739,0.07788660164661514,0.12323829374464419,Runx3,11846
peak_00435,chr15,24213273,24214651,0.634,0.177598056625728,0.24530118318470717,Rad21,38109
peak_00436,chr8,55706687,55707051,-2.278,0.008502461322690781,0.020976467079006862,Cd8b1,7984
peak_00437,chr2,57137402,57138253,1.888,0.0007243115705523812,0.003086554988149352,Id2,-22266
peak_00438,chr4,29536100,29537249,-2.52,9.486894738347187e-05,0.000711517105376039,Cd4,41259
peak_00439,chr14,64267836,64268485,-1.11,0.056531753422322445,0.09735663620377,Hdac3,-5988
peak_00440,chr9,24522745,24523781,-0.14,0.6403871373002854,0.6836873351960342,Runx3,26979
peak_00441,chr2,21789787,21791041,-0.358,0.27314275056880777,0.3487356058476092,Notch1,20681
peak_00442,chrX,11017517,11018814,-1.133,0.018019500854758418,0.03866845676986785,Smarca4,37350
peak_00443,chr6,42100172,42100472,2.01,0.00016830088556654904,0.0010562817085766677,Zeb2,14019
peak_00444,chr15,95431022,95431831,1.974,0.0027187727926205325,0.008640167773158472,Cd4,-27024
peak_00445,chr9,47575158,47575441,0.668,0.23679432856894908,0.30967000248772764,Ctcf,6870
peak_00446,chr14,96565091,96565702,-0.313,0.5091743512553146,0.5716777895830628,Klrg1,-15479
peak_00447,chr8,91820294,91821223,-0.314,0.31022981257127497,0.38521913812658315,Stat5b,-49159
peak_00448,chr8,100080700,100081341,-0.613,0.08865684548440474,0.13639514689908422,Tbx21,25189
peak_00449,chr13,118651990,118652250,0.299,0.43556922706930307,0.5033623782379077,Gata3,-6896
peak_00450,chr14,56945477,56946613,-0.456,0.24052473999745888,0.3142744860593975,Il2ra,-8197
peak_00451,chr13,73230129,73230676,4.724,3.59992036604081e-06,5.5436058944276864e-05,Smc1a,-45393
peak_00452,chr5,67131986,67132317,-3.476,2.1414887818559565e-06,3.735154852074343e-05,Ezh2,-10674
peak_00453,chr19,87168117,87169324,-0.984,0.014170218853955602,0.03153609537230476,Ifng,-5662
peak_00454,chr4,67456287,67456820,2.795,0.00018512910243633968,0.001128835990465486,Stat4,15280
peak_00455,chr16,104344194,104344619,-0.502,0.096086860353903,0.14588086086118876,Myc,-35940
peak_00456,chr16,32390139,32391463,2.249,0.001316691755841687,0.0049375940844063266,Il2ra,14519
peak_00457,chr6,65076519,65077595,-1.312,0.0026226385807112517,0.008460124453907264,Rad21,-34673
peak_00458,chr19,83265123,83266595,-1.954,0.0004958132444229451,0.002376101810333603,Tbx21,-4230
peak_00459,chr2,78189920,78191124,-0.401,0.25161175136239083,0.3262036534516735,Notch1,19885
peak_00460,chr5,93335245,93335754,1.523,0.008006002491705284,0.020183199558920884,Ikzf3,-38259
peak_00461,chr13,8901793,8902607,-0.151,0.5607413196079679,0.6124517358263247,Pdcd1,237
peak_00462,chr14,1887230,1887686,-0.545,0.0910292989282248,0.13961548915371902,Myc,-49712
peak_00463,chr3,38982617,38984091,-0.394,0.3713659088977631,0.44546556947022575,Stat4,-12670
peak_00464,chr1,1031720,1032309,0.186,0.5318999747001268,0.5909999718890299,Crebbp,-15952
peak_00465,chr15,52638909,52639715,0.235,0.4929783069758084,0.5576677680721814,Stat5a,39458
peak_00466,chr2,60010456,60011121,2.094,0.00046752079022723735,0.0022776272053751257,Stat4,-16299
peak_00467,chr11,118973067,118973533,0.573,0.07713560011762013,0.12243746050415895,Ep300,-33109
peak_00468,chr15,40764239,40764930,-2.357,0.00017356687714939275,0.0010802917664899964,Il2rb,8047
peak_00469,chr12,101084510,101085984,-5.926,5.072527292314137e-08,2.0023134048608436e-06,Bcl11b,-39478
peak_00470,chr14,32889418,32890739,-2.004,0.00017938630877441044,0.0011073228936692003,Stat5b,-2333
peak_00471,chr4,12329034,12330472,-0.956,0.02508803291729939,0.05078549173542386,Pdcd1,-49963
peak_00472,chr14,61376090,61376869,1.06,0.015028411744357513,0.03319973139401512,Lef1,-13349
peak_00473,chr9,117621320,117622490,1.777,0.0010572336247888895,0.004119092044632037,Smc1a,1351
peak_00474,chr3,12816017,12817494,-3.083,0.00036244867494323685,0.0018618938781330661,Stat5b,-12537
peak_00475,chrX,29482524,29483580,-1.705,0.01133168253167647,0.02615003661156108,Ifng,-18476
peak_00476,chr18,71393033,71394222,0.215,0.4453253945417561,0.5138369937020263,Crebbp,41425
peak_00477,chr10,92838850,92839173,1.385,0.04988676516700083,0.08813916107243962,Myc,24000
peak_00478,chr12,75695863,75696526,-1.155,0.0037769003655858343,0.011283377099700663,Ctcf,-1401
peak_00479,chr13,83865304,83866021,-1.12,0.04552685534046625,0.08265193065808722,Myb,44350
peak_00480,chr2,34230603,34232040,-2.231,4.297413213208532e-05,0.0003814272082729466,Rag1,45361
peak_00481,chr12,78669519,78670863,5.851,7.95200119562059e-11,1.704000256204412e-08,Klrg1,14386
peak_00482,chr11,15762472,15762759,-1.978,0.0002512405386702393,0.0014303189782253283,Il7r,3611
peak_00483,chr9,13946083,13947162,-0.328,0.4334160742977297,0.5016389748816317,Stat4,16814
peak_00484,chr9,19622804,19623965,2.297,0.004973528915627908,0.014076025232909174,Cd8b1,-48449
peak_00485,chr3,105783462,105783893,1.525,0.0358607727462852,0.0681763740423673,Klrg1,-35954
peak_00486,chr11,69714538,69715587,1.043,0.007694822585624275,0.019629649453123153,Ets2,-17746
peak_00487,chr7,44551256,44552063,-0.407,0.1833371315653596,0.25137632298723894,Il21,-39917
peak_00488,chr5,84060979,84062252,3.694,1.5050441908550434e-07,4.259559030721821e-06,Il2ra,6005
peak_00489,chr13,105153073,105154060,0.458,0.1502505516298554,0.21322216409156397,Myc,26891
peak_00490,chr16,98983058,98984065,1.221,0.07511495868928075,0.11999194678798841,Dnmt3a,39387
peak_00491,chr16,6950354,6951649,-2.089,4.008501529144462e-05,0.00036663123742174954,Hdac3,25180
peak_00492,chr8,8204429,8204789,1.14,0.08135600621019498,0.1279182487581682,Ccr7,27931
peak_00493,chr19,86792850,86793551,-0.102,0.6454937883020249,0.6886491340348772,Ets1,8181
peak_00494,chr14,26764420,26764839,-0.651,0.05103100648146688,0.08952808154643312,Foxp3,-11686
peak_00495,chr3,70270427,70271601,-1.599,0.009915639508884348,0.023608665497343684,Ep300,-9308
peak_00496,chr18,104396971,104398355,-0.907,0.09424270074298477,0.1442490317494665,Rad21,15346
peak_00497,chr6,60928213,60929381,0.579,0.05804175011537281,0.09927323280850538,Id2,32785
peak_00498,chr14,1769068,1770194,-0.262,0.27470613019187984,0.3497955817383869,Rag1,-21542
peak_00499,chr12,10742751,10743660,-0.362,0.35176399199435876,0.4279367299201445,Klrg1,-44099
peak_00500,chr5,98108067,98108977,-1.892,0.00024890135599215513,0.0014250077633138653,Id3,-32213
peak_00501,chr15,99942822,99943737,0.59,0.17720171714622615,0.245205328154372,Tbx21,-36738
peak_00502,chr11,22906848,22907560,-3.65,9.20093912190389e-06,0.00012322686323978422,Stat5b,-14576
peak_00503,chr12,115145308,115145778,0.602,0.13021647761287178,0.18872709860062464,Dntt,-39951
peak_00504,chr5,7787360,7788786,-0.52,0.16805478302449106,0.23449504608068522,Rorc,-38561
peak_00505,chr8,62461394,62462176,-1.961,0.00833004970001567,0.020687209519906463,Ctla4,11551
peak_00506,chr8,27993606,27993808,1.851,0.002703650514982631,0.00861035195854341,Il7r,-21514
peak_00507,chr4,66193668,66195088,0.315,0.3824524048655698,0.4553004819828212,Runx1,-27038
peak_00508,chr17,110369869,110370694,2.67,0.0031331812183080054,0.009650455497868601,Ctcf,-9132
peak_00509,chrX,67488858,67489717,2.853,6.409826991561629e-05,0.0005197157020185105,Smarca4,2548
peak_00510,chr15,23204164,23205144,1.17,0.021636343678976773,0.0449508525186498,Zeb2,-2663
peak_00511,chr9,57156348,57156656,-3.567,9.664749974794797e-07,2.0134895780822495e-05,Myb,-31681
peak_00512,chr4,63556520,63557820,0.146,0.6926793951361339,0.7286248896943904,Prdm1,2338
peak_00513,chr4,56545417,56546275,1.603,0.0010404674662151659,0.0040643260399029916,Notch1,37681
peak_00514,chr12,22273917,22275305,2.361,0.00012793304266556178,0.0008528869511037452,Dnmt3a,46535
peak_00515,chrX,7763494,7764799,0.799,0.037915647535697414,0.0711808151483681,Tet2,29300
peak_00516,chr19,19272404,19273444,-0.457,0.14179285232398497,0.20236848571453614,Il7r,44814
peak_00517,chr4,45448701,45449093,-1.437,0.006568950695398927,0.017532786553555856,Bcl11b,34669
peak_00518,chr17,95666639,95667397,-1.85,0.011529413418167636,0.02656546870545538,Stat3,40777
peak_00519,chr10,43527681,43528944,1.023,0.008158941310718164,0.02039735327679541,Ikzf2,12082
peak_00520,chr4,112878754,112879958,2.164,0.000131427484757767,0.000868463555668064,Il2ra,9421
peak_00521,chr23,38462725,38464139,0.644,0.20034762667802303,0.26976789947669166,Satb1,-47233
peak_00522,chr14,35849212,35849638,-0.884,0.0952285231234562,0.14515732544531448,Il2ra,-31044
peak_00523,chr11,83922915,83923589,-2.93,3.837130197205396e-06,5.8138336321293885e-05,Ep300,-13043
peak_00524,chr7,79497594,79497984,1.911,0.01938998193953921,0.04102252878604911,Notch1,-10786
peak_00525,chr12,62489110,62490224,-0.114,0.6162760671414421,0.6607677631966856,Il4,-44326
peak_00526,chr18,65133905,65134644,-0.565,0.06454521807506718,0.10709936627500084,Satb1,-3518
peak_00527,chr19,63403077,63404077,0.428,0.1878154873421922,0.2556472150755792,Batf,-39
peak_00528,chr6,80419732,80420959,-1.168,0.006270607490439932,0.01685647174849444,Batf,-40427
peak_00529,chr6,20585651,20586403,0.813,0.059432907145340996,0.10107637269615816,Zeb2,-5334
peak_00530,chr11,50627557,50628267,3.159,1.2897457113131112e-05,0.00015354115610870372,Ctla4,23233
peak_00531,chr6,20309117,20310158,-2.073,5.276460915742277e-05,0.00044653884869579296,Il21,-24823
peak_00532,chr3,83605381,83605997,-4.49,5.82948084614661e-06,8.477353364450208e-05,Smc1a,-27485
peak_00533,chrX,14065605,14066606,1.263,0.004480438632233657,0.012946942750105073,Lef1,-8128
peak_00534,chr14,109181196,109182613,1.532,0.0014141538263289367,0.005237606764181247,Rag1,33566
peak_00535,chr17,25805066,25806336,-2.289,7.04748324340949e-05,0.0005593240669372611,Dntt,-10856
peak_00536,chr12,79829893,79830322,1.211,0.004834189262612411,0.013733492223330713,Hdac3,20005
peak_00537,chr6,5618547,5619384,1.096,0.05816407018603015,0.09929900173400706,Runx3,28043
peak_00538,chr8,111433539,111434016,0.829,0.17749465227534708,0.24530118318470717,Stat1,26734
peak_00539,chr15,88657223,88658033,-2.537,5.501315286446205e-06,8.090169538891479e-05,Klrg1,-18912
peak_00540,chr17,3558334,3558933,1.304,0.06708766154202334,0.11034154858885416,Pdcd1,41948
peak_00541,chr9,92327768,92328156,-0.239,0.4635984577657859,0.5296250469525353,Il2rb,47279
peak_00542,chr16,80475133,80475615,-1.735,0.002938290919415426,0.009201328557668349,Crebbp,-18177
peak_00543,chr12,95329698,95330346,0.751,0.052010772258126566,0.09100378454564323,Kdm6b,-11203
peak_00544,chr14,15298588,15298999,-2.476,0.0005890087596523955,0.0026936376203615647,Il7r,-28502
peak_00545,chrX,53439966,53440822,1.003,0.08275109253969701,0.1295685165026571,Il21,-29476
peak_00546,chr5,38066470,38067571,0.463,0.35780247256738007,0.4331749062559081,Myb,-40070
peak_00547,chr8,89510144,89510743,1.545,0.002084047977819158,0.007190516049369334,Cd8a,19927
peak_00548,chr9,56816500,56816802,1.495,0.001711254391066755,0.0061555913347725,Klrg1,1327
peak_00549,chr15,68143631,68144640,0.331,0.37325754940650874,0.4464803222565894,Il17a,46894
peak_00550,chr16,108335781,108337115,0.185,0.6725455173724045,0.7124422853521234,Cd8a,-25685
peak_00551,chr12,50426886,50427983,-0.468,0.1868031249864021,0.25473153407236654,Smc1a,-17459
peak_00552,chr1,31485609,31486072,-1.214,0.005212674283488553,0.01453347848556288,Gata3,22965
peak_00553,chr10,90432773,90433571,-0.286,0.5081383104121188,0.5714295557776002,Kdm6b,-14800
peak_00554,chr15,79324371,79325718,1.94,9.613234578437382e-05,0.0007174055655550287,Batf,15427
peak_00555,chr10,118318168,118319113,2.92,0.0007154135557730344,0.0030660580961701473,Irf4,38552
peak_00556,chr11,64120593,64121112,0.763,0.06571310645904355,0.10854462994984547,Stat5a,27435
peak_00557,chr12,77256947,77257462,1.033,0.00965191576053924,0.023199016641521013,Brd4,17244
peak_00558,chr13,30322957,30323875,2.178,0.0007643136628235797,0.0032114019446368896,Ikzf3,33371
peak_00559,chr8,89754288,89755676,0.324,0.29389885989339387,0.3682943106433507,Irf4,-12583
peak_00560,chr8,63468750,63468965,2.447,5.265095652128156e-05,0.00044653884869579296,Ctla4,44880
peak_00561,chr17,75222790,75223471,-0.601,0.07056616877955038,0.11480396222269586,Cd28,-30564
peak_00562,chr14,22499758,22500860,0.783,0.04070175562570527,0.07500323518250357,Il2rb,-33781
peak_00563,chr5,4852570,4853610,-0.05,0.8579043615947047,0.8736296961249539,Pdcd1,-16911
peak_00564,chr2,117366817,117368246,0.629,0.05411039050593229,0.0938330471201138,Rag1,-10014
peak_00565,chr5,19382254,19383694,-1.864,0.0027637595958200905,0.008727661881537127,Ikzf1,22652
peak_00566,chr5,87892108,87892555,-0.11,0.6801965322151745,0.7190238184092753,Tbx21,35801
peak_00567,chr8,100889328,100890604,-0.5,0.18406098346525143,0.2514951852304383,Tnf,5958
peak_00568,chr12,68244707,68246123,0.199,0.5745524192236183,0.6236097169576176,Irf4,40409
peak_00569,chr13,54314202,54314513,2.94,0.0010281099040978386,0.004026540094377958,Cd8b1,-41869
peak_00570,chr7,22534836,22535722,0.516,0.33474090545246704,0.41224249439959,Ikzf3,49535
peak_00571,chr18,34975623,34975896,-0.946,0.01821581200783169,0.039033882873925056,Stat4,-23160
peak_00572,chr2,30014527,30015526,-2.669,0.0005813509565176705,0.0026667475069617913,Stat3,-43389
peak_00573,chr1,50821035,50821489,0.395,0.2967126314297208,0.3712001227227533,Bach2,5528
peak_00574,chr2,11379677,11380569,0.006,0.9794212188768893,0.9820399921893943,Klrg1,15357
peak_00575,chr11,6941903,6943282,0.66,0.13489026250961958,0.19436637249224722,Rag2,-42189
peak_00576,chr4,5542535,5543060,-0.064,0.7911665117716926,0.8150753898746834,Prdm1,15619
peak_00577,chr4,55207404,55207891,1.134,0.038132748518168204,0.071468076529614,Tcf7,-48783
peak_00578,chr14,48208576,48209050,-1.403,0.0025274534197453967,0.008277685872528593,Tcf7,14041
peak_00579,chr11,46330628,46331964,0.147,0.7286576514097355,0.7590183868851412,Tnf,-34733
peak_00580,chr18,81941975,81942790,-0.077,0.752878538405986,0.7809943344460435,Ccr7,-113
peak_00581,chr12,25722960,25723584,1.44,0.0008377006872726612,0.0034711354444999774,Tbx21,46162
peak_00582,chr9,3865075,3866304,0.207,0.6176562154502899,0.661774516553882,Rad21,43766
peak_00583,chr13,76938553,76939261,2.142,0.0001261601283549608,0.0008486107288450278,Prdm1,19726
peak_00584,chr12,23315681,23316515,0.2,0.6483800799629074,0.6902555854821583,Cd3e,26264
peak_00585,chr12,108901588,108902837,0.246,0.5377433905850658,0.5948488833905595,Crebbp,34061
peak_00586,chr7,13444564,13446017,-0.144,0.6865052701230144,0.7236527794690946,Rag1,21257
peak_00587,chr9,93176972,93177528,0.747,0.12143906407587302,0.17771570352566782,Dntt,-38645
peak_00588,chr1,115561286,115562309,-0.221,0.4173187374180794,0.48828245407731596,Ctcf,40350
peak_00589,chrX,89134509,89135949,-0.506,0.20165942354787353,0.27129070432449354,Klrg1,-84
peak_00590,chr1,36809994,36810601,-0.004,0.9836294079918322,0.9849426648783367,Batf,13989
peak_00591,chr4,106970233,106971438,-1.308,0.002050594537792541,0.007103676227918734,Crebbp,11090
peak_00592,chrX,43275031,43275704,0.446,0.11180258829224521,0.1655517102056938,Stat1,5203
peak_00593,chr4,106380902,106382235,0.783,0.08703983456461944,0.13432073235280778,Batf,18724
peak_00594,chr13,104294622,104296104,-2.495,0.001857865127664852,0.0065571710388171245,Ikzf1,-16806
peak_00595,chr10,47676809,47677311,-0.149,0.6637084266012382,0.7045737012751998,Ikzf2,-47236
peak_00596,chr11,20450023,20450783,-1.332,0.004825787073001678,0.013733492223330713,Stat3,-21869
peak_00597,chr15,89362979,89364469,-0.406,0.2776073948312294,0.35233473459921105,Prdm1,-10022
peak_00598,chr15,89926697,89927706,-0.316,0.22628446295523916,0.298791104254277,Ccr7,-45974
peak_00599,chr3,98861644,98862296,-0.367,0.22675699143134104,0.2988888287759328,Rag2,28037
peak_00600,chr18,36348482,36349142,-1.78,0.0002806667937886026,0.0015364970462879704,Ctla4,-16480
peak_00601,chr5,77289388,77289825,-2.773,2.613337076431661e-05,0.0002703452148032753,Ets2,4363
peak_00602,chrX,22262406,22263177,-0.18,0.5204157300167306,0.5823925881389956,Tcf7,46275
peak_00603,chr7,41577276,41577919,1.284,0.04476963766788164,0.08149812682260008,Cd3e,-41579
peak_00604,chr12,88075089,88076285,5.228,2.547888284212856e-10,3.416867600103668e-08,Dnmt3a,-17375
peak_00605,chr6,11769853,11771269,-1.296,0.008222236037551418,0.02052138778091036,Prdm1,13411
peak_00606,chr19,23522131,23522671,0.117,0.6844660107768245,0.7222484467394545,Bcl11b,-11462
peak_00607,chr8,21252798,21254153,-0.481,0.28352886514075143,0.3576899055602415,Id3,33255
peak_00608,chrX,18090644,18091393,-0.809,0.17426984303458087,0.24181754352624543,Id2,-26702
peak_00609,chr6,37633647,37634839,-0.12,0.6046915487818635,0.6511394997651079,Batf,-48759
peak_00610,chr17,65187689,65188107,0.294,0.24390553437654133,0.3173740036760817,Stat5b,43283
peak_00611,chr18,117681617,117682536,-1.109,0.019581222831946344,0.041368780630872556,Id2,-1896
peak_00612,chr14,2434812,2435308,0.73,0.08449619726451897,0.1316140144307149,Ets2,-26516
peak_00613,chr10,28420046,28420265,-0.829,0.12821943459398621,0.18709061467994098,Rag2,-10141
peak_00614,chr2,30021807,30022717,-0.693,0.10635898334074463,0.15827229663801284,Cd3e,-17843
peak_00615,chr16,46264058,46264665,-0.73,0.11635451556281678,0.17144574984697955,Smarca4,-42239
peak_00616,chr19,78114901,78116314,-0.356,0.3434916156087186,0.41959912510947817,Dntt,-8552
peak_00617,chr9,77900028,77900866,-1.219,0.0653161435640613,0.10802008307176621,Irf4,16293
peak_00618,chr18,17680822,17681174,0.583,0.1694646545163221,0.23580425025462257,Ets1,-16742
peak_00619,chr19,68055542,68056505,0.18,0.6319105993217938,0.6760812403585525,Cd8a,446
peak_00620,chr3,46172006,46172515,2.539,0.0002881108499381888,0.0015545549457096517,Hdac3,37199
peak_00621,chr3,43315374,43316393,-0.745,0.1297722044422735,0.18862239017772311,Hdac3,49237
peak_00622,chr8,99145363,99146852,1.049,0.09456864796837426,0.1446003791565356,Dntt,-9063
peak_00623,chr7,106493218,106494658,0.073,0.7856117859744873,0.8110238671450317,Stat5b,-4834
peak_00624,chr17,59899933,59901329,-0.921,0.01306426776550356,0.029601815178633445,Tnf,-30980
peak_00625,chr11,99024995,99025820,1.735,0.0007006041837149196,0.003011192766683036,Batf,20328
peak_00626,chr10,116505358,116506378,0.151,0.4808176102121335,0.5467978887931768,Ets2,-40261
peak_00627,chr17,67061458,67061708,0.55,0.224777672224745,0.29706300294019167,Myb,36026
peak_00628,chrX,34642964,34643396,-1.568,0.007504240531596549,0.019274590406497986,Ep300,11090
peak_00629,chr12,119081671,119082917,1.511,0.009110986265672904,0.022185843179398305,Klrg1,29403
peak_00630,chr4,93272746,93273519,0.647,0.04578582470225419,0.08265193065808722,Myb,49959
peak_00631,chr6,4315940,4317248,3.262,8.73814344351221e-05,0.0006687354676157304,Stat4,36333
peak_00632,chr18,25361788,25362525,1.693,0.006182305529528133,0.016686990817319548,Crebbp,-8857
peak_00633,chr1,111060370,111061003,0.247,0.5307880457788248,0.5902016817407244,Ets2,46137
peak_00634,chr1,44274041,44275103,-0.154,0.5085723046420643,0.5714295557776002,Bcl11b,28797
peak_00635,chr11,99733702,99734963,-0.331,0.27317622458062724,0.3487356058476092,Crebbp,-27748
peak_00636,chr13,9825516,9826458,-0.289,0.24395481749234815,0.3173740036760817,Il2ra,-45988
peak_00637,chr11,95022455,95022917,-0.604,0.05571929571244901,0.0965114821809163,Runx1,-1841
peak_00638,chr2,102209654,102210520,-1.328,0.004219672661386211,0.01236225790636073,Lag3,3314
peak_00639,chr19,89234707,89235671,-1.556,0.0026800834678293345,0.008571695526106614,Il21,26926
peak_00640,chr14,19902412,19903053,-3.646,6.914970609008394e-08,2.4696323603601407e-06,Kdm6b,8991
peak_00641,chr16,104163270,104163986,3.227,7.599922426778182e-05,0.0005937439395920455,Satb1,46388
peak_00642,chr2,2421713,2422383,0.045,0.801254527061597,0.8243359331909436,Rad21,13467
peak_00643,chr7,61032722,61034025,0.519,0.2670051047333208,0.34319422202226324,Il2ra,-31207
peak_00644,chr9,83537764,83538920,-2.37,0.0001815367549515833,0.0011124341920132948,Il4,-13466
peak_00645,chr2,94466659,94467753,-2.651,3.961921626562314e-05,0.0003645940147143234,Sell,26124
peak_00646,chr7,35699320,35699556,-2.898,2.7254800245194793e-06,4.395935523418514e-05,Ep300,7972
peak_00647,chr2,75083952,75084773,0.617,0.08172540858290588,0.12836451609880503,Ccr7,46797
peak_00648,chr15,72481190,72482680,-3.172,2.5126885892220806e-07,6.388191328530713e-06,Brd4,49812
peak_00649,chr19,25458397,25459860,-3.024,2.6549926365136943e-05,0.00027277321608017407,Smarca4,-12437
peak_00650,chr6,53014968,53016335,3.672,1.2597122013974377e-07,3.856261841012565e-06,Stat1,-31241
peak_00651,chr12,74915920,74917312,-3.923,7.45194471821412e-09,4.2329123458299055e-07,Hdac3,-44011
peak_00652,chr16,65010995,65011433,-3.476,1.1029958439100854e-06,2.2664298162536e-05,Tbx21,27276
peak_00653,chr3,47133516,47134466,1.009,0.0158453478082677,0.03479944613821603,Il17a,32741
peak_00654,chr7,4021344,4022325,1.369,0.00846635832620635,0.02092180805487566,Tnf,28896
peak_00655,chr6,118938153,118939189,1.521,0.0011696017783157638,0.004521656359468159,Id2,-8085
peak_00656,chr5,73224788,73225496,0.004,0.9803368327415982,0.9823014356128238,Dnmt3a,8699
peak_00657,chr7,46228271,46229381,0.657,0.10242381141131691,0.15363571711697538,Tcf7,37662
peak_00658,chr16,36574302,36575544,2.442,1.5227140675028104e-05,0.00017569777701955506,Id3,14270
peak_00659,chr15,64183185,64184021,-0.559,0.1977703737184661,0.2674982511972039,Batf,34577
peak_00660,chr18,50668475,50669247,1.221,0.012513400712962423,0.02848270268504345,Hdac3,31025
peak_00661,chr12,88847066,88848409,-0.496,0.3354795998754225,0.41258314859067974,Cd8b1,48473
peak_00662,chr15,40953953,40955127,-0.307,0.5328008089888139,0.5911789340022877,Lag3,45938
peak_00663,chr4,77678697,77679525,0.967,0.016320407065407914,0.035582282846092834,Smarca4,-43718
peak_00664,chr1,41488829,41489855,0.176,0.4302074615333494,0.4983098010038796,Tet2,24767
peak_00665,chr2,42894124,42895183,0.148,0.5940558928715141,0.641529041977877,Myc,-44894
peak_00666,chr10,71082233,71083098,-0.319,0.5170551252811876,0.579225308380718,Cd3e,-38479
peak_00667,chr12,84762163,84763569,1.071,0.02818100192362236,0.056212104900842476,Ets2,23622
peak_00668,chr5,11150831,11151963,-1.456,0.003288000792257505,0.009983808073656392,Notch1,-20587
peak_00669,chr3,114808608,114810047,0.827,0.07346365939853075,0.11798232237451406,Runx1,15848
peak_00670,chr8,3717083,3718358,-0.787,0.024427356342331532,0.04978401428464307,Foxp3,1392
peak_00671,chr12,92092921,92094191,1.006,0.06011898584995114,0.1018496554139393,Stat5b,-29502
peak_00672,chr2,89807507,89808134,-0.011,0.9644889859958843,0.9683624357388396,Hdac3,-41218
peak_00673,chr18,108304166,108304779,5.311,2.7334940800829343e-10,3.416867600103668e-08,Gata3,-1239
peak_00674,chr5,35153554,35154111,0.605,0.2738219331332905,0.3489976341360658,Brd4,24321
peak_00675,chr13,61229276,61230722,0.764,0.0395613115849622,0.07371672966142025,Id3,49419
peak_00676,chr17,51890696,51891021,0.612,0.12648386423285865,0.18473787375782666,Stat4,-31262
peak_00677,chr4,52018541,52019978,4.028,9.958578582895986e-08,3.178269760498719e-06,Cd28,-43508
peak_00678,chr1,117616296,117617548,-1.65,0.0031323545091238155,0.009650455497868601,Lag3,-10166
peak_00679,chr6,22540548,22541879,-1.381,0.004071949549051815,0.012023473077908905,Myb,17496
peak_00680,chr17,95559364,95560335,-1.242,0.007798678245724671,0.019827148082350858,Myb,39376
peak_00681,chr1,52616268,52617742,2.034,0.0009662566067862386,0.0038650264271449545,Cd8a,33077
peak_00682,chr9,110035713,110036787,1.212,0.03998103268484036,0.07431418714654342,Klrg1,-41167
peak_00683,chr9,62507714,62508452,1.186,0.04738967323967085,0.08462441649941224,Cd4,-31553
peak_00684,chr3,67406181,67407295,-4.971,1.1910216566690205e-10,2.2331656062544133e-08,Rorc,-17095
peak_00685,chr6,31945106,31945877,-2.631,0.0008155209202153219,0.003416987095874254,Zeb2,-22204
peak_00686,chr15,94839709,94840206,0.81,0.06022709623477611,0.1018496554139393,Rag1,6055
peak_00687,chr3,70148190,70149371,-0.275,0.263427743879162,0.3388864629663319,Bach2,31928
peak_00688,chr18,22188144,22188845,0.721,0.22664616810091945,0.2988888287759328,Stat4,-18931
peak_00689,chr11,68671929,68672367,-3.68,5.916127734426135e-05,0.00048759294514501115,Cd8a,-29527
peak_00690,chr7,4448778,4450267,-0.941,0.01324331749583256,0.029917132897212106,Cd4,20683
peak_00691,chr12,89119310,89120559,-0.94,0.13388287224422415,0.19328614857202717,Pdcd1,48832
peak_00692,chr18,88946093,88947052,-0.195,0.5233760704031141,0.5843685125023416,Ctcf,-24095
peak_00693,chr2,11348740,11349522,0.613,0.17784458469943226,0.2453145909019078,Myc,-35813
peak_00694,chr12,68957514,68957717,-1.366,0.0019264782522217467,0.006751676117599579,Cd8a,49694
peak_00695,chr12,111604692,111605082,0.609,0.10194468553257868,0.15353115291051006,Irf4,-36571
peak_00696,chr1,61442854,61443895,0.25,0.5231792004430813,0.5843685125023416,Bcl11b,14746
peak_00697,chr18,2793534,2794156,-1.099,0.016642005794538152,0.036141586832169614,Il21,-17182
peak_00698,chr18,64575113,64575976,-1.355,0.010855475769116626,0.025206213086184114,Crebbp,-49035
peak_00699,chr10,8268065,8268481,-0.491,0.34334173887669983,0.41959912510947817,Cd3e,28302
peak_00700,chr1,80914886,80916195,-1.815,0.007015676786851504,0.018462307333819747,Il2rb,17994
peak_00701,chr10,46725970,46726835,1.48,0.0013806170063696782,0.00515155599391671,Dntt,20049
peak_00702,chr2,54744046,54744589,-0.706,0.06299054927486876,0.10533536668038253,Lag3,18220
peak_00703,chr2,105010139,105011383,-1.872,0.000163318535669218,0.0010380415402704533,Ep300,-43401
peak_00704,chr16,55373195,55373487,-0.566,0.11839724954655588,0.17389073001923958,Runx1,48049
peak_00705,chr6,70480837,70481451,-0.373,0.27012954791408295,0.3457289435760447,Myc,21923
peak_00706,chr4,55361142,55361622,1.675,0.004488273486703092,0.012946942750105073,Gata3,44279
peak_00707,chr18,68579695,68580151,-2.713,2.120372942213041e-06,3.735154852074343e-05,Ctcf,40608
peak_00708,chr4,59179989,59181308,-1.452,0.016841464849850264,0.03650606542597601,Stat5a,-49783
peak_00709,chr6,109223929,109224875,-0.102,0.6211252672993736,0.6650163461449395,Lag3,27963
peak_00710,chr4,45068741,45069889,-0.176,0.4501448474469134,0.5170116930860414,Ctcf,8704
peak_00711,chr1,41699516,41700803,0.573,0.06864989095778806,0.11236933687666126,Id2,20066
peak_00712,chr17,13485544,13486710,-1.687,0.003952177848992944,0.01169283387276019,Ep300,-5661
peak_00713,chr17,44286678,44287448,-1.385,0.010210229222952144,0.024080729299415432,Smc1a,-49429
peak_00714,chr5,104766204,104767206,-0.706,0.09702357992297254,0.147005424125716,Ctcf,40783
peak_00715,chr3,106558164,106558519,-4.061,0.0001372490018844423,0.0008990109293740762,Stat3,2561
peak_00716,chr5,88034612,88035476,-0.567,0.06887983100099945,0.11254874346568539,Ikzf3,-20961
peak_00717,chr13,108679043,108679841,-1.603,0.0008795552237112801,0.0036146105084025213,Rad21,-10314
peak_00718,chr12,70362197,70362404,0.199,0.48417225082726073,0.5493633708327467,Tcf7,16398
peak_00719,chr1,111503878,111505070,-0.423,0.41659857615148466,0.48820145642752105,Runx1,-8341
peak_00720,chr14,87085788,87086908,2.912,5.194110051700471e-05,0.00044653884869579296,Crebbp,-19013
peak_00721,chr3,88726801,88727616,2.517,7.192218272671877e-05,0.0005678067057372535,Il2ra,12717
peak_00722,chr2,101910118,101910650,-0.961,0.06215768921524563,0.10417489812610999,Ets2,28770
peak_00723,chr11,105788277,105788838,-1.787,0.00039081268519724,0.001980469688499527,Dntt,-45603
peak_00724,chr6,105458967,105459614,2.102,0.0002569072636913128,0.0014432992342208583,Smc1a,1562
peak_00725,chr4,105455255,105456506,-0.62,0.2817096670637292,0.35609512822189376,Kdm6b,-37611
peak_00726,chr9,97652137,97653605,-0.927,0.017770523374894435,0.03824359406361787,Sell,-11103
peak_00727,chr17,106469313,106470721,1.71,0.0017444008487117976,0.006242757952952203,Pdcd1,47141
peak_00728,chr4,18252959,18254419,-0.925,0.06324198194784278,0.10563805447857925,Brd4,-8683
peak_00729,chr3,22788281,22789207,-1.809,0.005196609087080243,0.014515667841006264,Sell,26150
peak_00730,chr10,74190735,74191484,0.236,0.3639003660520993,0.4394931957150957,Stat5b,5002
peak_00731,chr4,10124383,10125849,0.156,0.5206589737962621,0.5823925881389956,Il4,13951
peak_00732,chr11,76363889,76364195,-1.429,0.03650582394881218,0.06913981808487156,Irf4,-4681
peak_00733,chr8,39742672,39744126,1.74,0.0015743817197371042,0.005718093413088757,Dntt,44189
peak_00734,chr7,100492912,100493936,0.19,0.4975551476445464,0.5615746587410231,Il21,27679
peak_00735,chr13,11982757,11983426,-0.021,0.9274617302469542,0.9349412603295909,Lag3,4629
peak_00736,chr16,24698663,24699993,0.048,0.78723859710517,0.812144357398731,Il7r,-23640
peak_00737,chr10,23756098,23757460,0.949,0.09535443387095686,0.14515732544531448,Smarca4,-29070
peak_00738,chr8,113605827,113606794,-0.781,0.04371783875801829,0.0798949628307808,Rorc,-58
peak_00739,chr12,74715879,74716705,-0.4,0.1779348499341838,0.2453145909019078,Gata3,24213
peak_00740,chr9,73470587,73471180,1.339,0.002559284157631196,0.008309364148153234,Ets2,19687
peak_00741,chr3,114680447,114681214,-1.62,0.0006373426158686276,0.0028537729068744523,Il7r,-39860
peak_00742,chr10,53720456,53721511,1.166,0.009910951569306662,0.023608665497343684,Ets2,47293
peak_00743,chr11,88777648,88778192,0.213,0.38131731308789635,0.4546708820602898,Stat4,-21159
peak_00744,chr5,78157705,78157978,5.682,1.8799087367233242e-08,9.096332597048343e-07,Prdm1,-11533
peak_00745,chr9,90384998,90386056,0.443,0.1982656932168346,0.2676854543881655,Lag3,22235
peak_00746,chr2,110870243,110871436,-1.544,0.002370630589024166,0.007926362477500825,Rad21,48345
peak_00747,chr1,4125837,4126364,-1.202,0.028444738840593686,0.056662826375684636,Stat5a,5916
peak_00748,chr15,42397747,42397969,0.801,0.02565905862842344,0.05173197304117629,Notch1,27164
peak_00749,chr13,71202819,71203221,0.124,0.6814900249901057,0.7198838292149004,Batf,47402
peak_00750,chr2,119842729,119844146,1.107,0.1023454315703933,0.15363571711697538,Crebbp,46994
peak_00751,chr5,25947434,25948488,-0.291,0.2565437231140491,0.3320238004064484,Stat5b,2280
peak_00752,chr3,42050175,42050918,1.92,0.0003398631918605037,0.0017701207909401235,Runx1,17570
peak_00753,chr9,73991155,73992097,-2.004,0.0008525499023795133,0.0035229334809070796,Ep300,1862
peak_00754,chr6,10013612,10013982,1.667,0.01117188260294875,0.02582099214857184,Pdcd1,-35542
peak_00755,chr6,51598853,51599257,-1.047,0.01901328974067988,0.04037345373866196,Kdm6b,9115
peak_00756,chr11,45978282,45979173,1.709,0.0026973948368150045,0.008608706926005334,Cd8b1,-24221
peak_00757,chr9,110919101,110920497,-1.794,0.010613863180360804,0.024760178492288034,Stat3,7405
peak_00758,chrX,94479873,94480456,1.536,0.0006453180101225631,0.002858857316244967,Ccr7,5945
peak_00759,chr4,54150306,54151127,-1.737,0.000743396921209861,0.003149986954279072,Rorc,10447
peak_00760,chr18,23767698,23768488,1.447,0.010177014085977947,0.024040190754278615,Ifng,-24658
peak_00761,chr13,13783678,13784536,-0.454,0.39031252846579967,0.4631873359958066,Cd4,3797
peak_00762,chr14,84103350,84104369,-2.74,1.0478739460612903e-05,0.00013550094130102892,Satb1,45974
peak_00763,chr14,108703498,108703926,-1.204,0.01855289444076269,0.039586545748426794,Myc,-22081
peak_00764,chr8,32839081,32840237,2.859,0.0004428724241517161,0.002178061102385489,Brd4,18955
peak_00765,chr6,38345366,38346381,3.241,0.00018169758469550483,0.0011124341920132948,Tcf7,1334
peak_00766,chr17,103565669,103566315,-0.932,0.01193125351614828,0.027323481334690716,Dntt,41050
peak_00767,chr4,8098974,8099552,-1.225,0.010395995364285673,0.024444064793771824,Tet2,-46195
peak_00768,chr11,71183521,71184452,0.992,0.10910814640356938,0.1618815228539605,Smarca4,-40387
peak_00769,chr3,56310655,56311588,-1.152,0.021566484766752287,0.044930176597400596,Cd3e,14252
peak_00770,chr18,6419101,6419556,0.392,0.4070736733178607,0.4796626158497966,Irf4,-8120
peak_00771,chr9,57038664,57039885,1.059,0.005031585352146806,0.014160183917861556,Cd4,35053
peak_00772,chr9,91500289,91501573,4.407,3.739815184353529e-08,1.6027779361515125e-06,Tbx21,9030
peak_00773,chr5,69900687,69900892,1.122,0.022851099540638874,0.04695431412460043,Foxp3,-29759
peak_00774,chr14,26852092,26853161,-0.162,0.6141116193782964,0.6593897130046131,Cd8b1,-34820
peak_00775,chr6,28309660,28310986,-2.183,0.0005010566492097335,0.002389470370697697,Dnmt3a,34931
peak_00776,chr15,7554112,7555525,-0.211,0.3540308618172335,0.429649104147128,Il7r,-29721
peak_00777,chr12,24928654,24929973,3.623,0.00011840818812758984,0.0008073285554153852,Tcf7,41214
peak_00778,chr9,102898244,102898808,-1.071,0.009073921995630358,0.022131517062513067,Foxp3,-44414
peak_00779,chr9,66718838,66719437,1.169,0.02090015361361576,0.04378523801735145,Smarca4,-38223
peak_00780,chr12,25583076,25583902,0.044,0.8140550898195293,0.8353181780040857,Cd3e,-35802
peak_00781,chr9,15329278,15330589,1.411,0.002533283502648814,0.008278704257022268,Il21,-47948
peak_00782,chr7,13797702,13798019,1.669,0.0005678618720750227,0.0026289901484954754,Sell,9482
peak_00783,chr16,31488296,31489644,-1.219,0.004957079727254101,0.014055991665181762,Bcl11b,-21295
peak_00784,chr8,92349952,92351323,-0.853,0.03032513635447332,0.059616912885596306,Ezh2,48679
peak_00785,chr17,97832436,97832822,-1.601,0.0012467751314472824,0.004758683707814054,Ifng,13307
peak_00786,chr12,75287261,75288722,1.292,0.005469652674340241,0.015081762888805812,Myb,47478
peak_00787,chr19,25627561,25629012,1.175,0.006269269919766475,0.01685647174849444,Bcl11b,-30595
peak_00788,chr16,104503397,104504321,0.591,0.13018970568722302,0.18872709860062464,Cd3e,-3648
peak_00789,chr11,77361276,77362172,-1.176,0.00794882388839605,0.020072787596959723,Runx3,-23486
peak_00790,chr12,115574898,115575932,1.451,0.04372917632271403,0.0798949628307808,Crebbp,-23850
peak_00791,chr3,29489351,29488934,-0.857,0.05883463837541554,0.10017248304554292,Gata3,-45780
peak_00792,chr11,104702132,104702879,0.397,0.3182513345827023,0.3932265254316751,Stat5a,-8349
peak_00793,chr9,110609532,110610639,-2.599,2.3570226032752217e-05,0.0002519167150782932,Tcf7,12103
peak_00794,chr6,20977980,20978888,-1.478,0.00835023582106853,0.020703064019178173,Runx1,40813
peak_00795,chr1,19302110,19302727,-1.143,0.010646228340540517,0.02479711570001673,Sell,29622
peak_00796,chrX,35575075,35575817,-1.057,0.05768663812036247,0.09900452766652598,Id2,933
peak_00797,chr9,34576808,34577995,0.226,0.45083022769455516,0.5174027096724045,Stat4,39624
peak_00798,chr6,41726867,41727950,-0.376,0.1588605535951981,0.22416823179002554,Stat5a,-10559
peak_00799,chr7,40932032,40932739,0.627,0.08589286227158484,0.13296108710771645,Klrg1,14958
peak_00800,chr15,91993807,91994143,1.264,0.005029307612818526,0.014160183917861556,Satb1,-48811
peak_00801,chr3,55646785,55648159,-2.092,0.00010579913146470656,0.0007570714160193842,Rad21,27779
peak_00802,chr8,112927775,112928732,0.275,0.3715182849381683,0.44546556947022575,Rorc,-1164
peak_00803,chr4,69260055,69261173,2.785,4.767436331147293e-05,0.0004203861808346313,Id2,-21711
peak_00804,chr6,46940670,46941764,2.753,0.0012522323821294993,0.004767382165467637,Cd8b1,-3373
peak_00805,chr10,96548129,96549235,3.53,2.714457905383244e-07,6.78614476345811e-06,Stat1,11753
peak_00806,chr6,17652249,17653707,0.492,0.128864930322653,0.18748534964498498,Satb1,41368
peak_00807,chr10,32007151,32008112,-0.199,0.5503122282157789,0.6042960046293325,Stat5b,-25163
peak_00808,chr16,38631181,38632230,0.305,0.2613143025885555,0.3370347840781025,Tbx21,29468
peak_00809,chr17,5601921,5603393,3.324,1.4876181922412431e-06,2.971826647198478e-05,Stat1,10860
peak_00810,chr19,57876647,57877591,1.802,0.0014366470072103975,0.005294767839841759,Stat5b,37313
peak_00811,chr8,73653600,73654976,0.341,0.41048424186847543,0.4833016976473416,Dntt,8818
peak_00812,chr15,90636537,90637105,-0.409,0.34592387131096547,0.4218583796475188,Zeb2,43192
peak_00813,chr11,32046628,32046967,0.449,0.34810543061493093,0.42382966389804905,Ets1,13244
peak_00814,chr6,92733635,92734323,0.382,0.2877673136053428,0.3624273471100035,Foxp3,-39267
peak_00815,chr11,11062813,11064270,1.428,0.0022370068022443896,0.007626159553105873,Myc,-49158
peak_00816,chr19,16524910,16526106,-0.055,0.7753269005558985,0.801509545715953,Kdm6b,34325
peak_00817,chr19,47603062,47603721,-2.131,0.0026443185898776178,0.008493528661277144,Il4,26664
peak_00818,chr3,53578423,53579087,-1.765,0.025186648611922574,0.05091640554970871,Il2ra,7677
peak_00819,chr18,78104719,78105066,-1.559,0.009032495396920267,0.022102354152333442,Smarca4,-32610
peak_00820,chr5,62866089,62866844,-2.663,0.00028340534559230356,0.0015383662666573017,Rad21,-48381
peak_00821,chr7,68906775,68907943,0.457,0.1873885085248088,0.25529769553788667,Crebbp,27417
peak_00822,chr19,74526282,74527459,2.342,0.0067095178016910225,0.01781287911953369,Myc,-1769
peak_00823,chr3,118610758,118611883,-1.55,0.015784605561607934,0.03471687440236349,Zeb2,-13327
peak_00824,chr14,30519717,30520145,-5.057,1.7315434051796918e-06,3.338895270777229e-05,Rag2,5878
peak_00825,chr1,7702321,7703523,3.904,3.6218225176927553e-06,5.5436058944276864e-05,Crebbp,-13603
peak_00826,chr18,46209598,46210536,2.692,7.352979326787917e-05,0.000577459109433606,Stat5b,-48642
peak_00827,chr3,109618094,109618442,-2.347,0.00016673932661319878,0.0010508781089067151,Id3,10095
peak_00828,chr15,16188394,16189517,-0.968,0.13687498999841705,0.19684802013195166,Smarca4,28265
peak_00829,chr15,36313421,36314146,-0.314,0.2430259269109278,0.31679119012653895,Hdac3,39863
peak_00830,chr10,24397988,24398471,0.563,0.27496691733579465,0.34983068363332653,Stat3,-40348
peak_00831,chr13,55564355,55564786,0.558,0.30668948980759725,0.3814545893129319,Hdac3,43168
peak_00832,chr1,90722015,90723106,-0.735,0.1801250122795377,0.24787845726541888,Runx3,24218
peak_00833,chr2,34231208,34232028,-1.679,0.00578956462105834,0.015820164584455784,Satb1,11231
peak_00834,chr13,22302993,22303572,1.303,0.014908318897566754,0.03298300641054591,Pdcd1,-33912
peak_00835,chr12,84599393,84600166,-1.566,0.02097663562565956,0.04388417494907858,Rag1,595
peak_00836,chr12,2364416,2365105,1.672,0.008151288592074705,0.02039735327679541,Il4,37876
peak_00837,chr9,103484781,103485836,-1.53,0.015940042595529683,0.0349562337621265,Smarca4,28768
peak_00838,chr13,40914506,40915038,0.172,0.5490151229130354,0.6037556337020185,Cd3e,4490
peak_00839,chr11,80143798,80144851,-0.369,0.404379435254139,0.4768625415732772,Hdac3,-36018
peak_00840,chr5,81666863,81667818,-2.095,0.001187344104010585,0.004566708092348404,Myc,19044
peak_00841,chr7,101547958,101548814,-0.299,0.4108382861544256,0.48333916018167716,Cd3e,45559
peak_00842,chr6,55794437,55795031,2.486,0.0001111515424927617,0.000779099596911881,Tbx21,-5862
peak_00843,chr13,28646233,28646855,-2.121,0.01073645756078228,0.024968505955307627,Notch1,30887
peak_00844,chr4,115966052,115966370,-0.461,0.33965441289060233,0.4169244020752074,Stat5b,46261
peak_00845,chr11,67603640,67604104,1.735,0.0006394668391071565,0.0028547626745855197,Il21,-13034
peak_00846,chr19,64628376,64628588,3.607,9.725281526557667e-05,0.0007221743707839851,Runx1,22768
peak_00847,chr15,46202001,46203494,-0.605,0.1644424469142104,0.23009670743592872,Cd8b1,25894
peak_00848,chr11,15786128,15787051,-3.256,6.217502510440956e-07,1.332321966523062e-05,Lag3,-30399
peak_00849,chr14,114084045,114085103,-1.371,0.0019598323804955594,0.006836624583124044,Smarca4,-12769
peak_00850,chr5,73375872,73376740,-0.531,0.22339532516271568,0.29549646185544404,Batf,46173
peak_00851,chr2,61545445,61546315,-3.061,0.00010506229061904674,0.0007570714160193842,Zeb2,-33540
peak_00852,chr3,87728619,87729020,0.158,0.5648733885782173,0.6153304886472956,Ep300,45247
peak_00853,chr12,115664646,115665439,0.238,0.5283659016301252,0.5879442525557773,Prdm1,8774
peak_00854,chr12,62691913,62693345,0.732,0.03175583305879193,0.06202311144295298,Stat4,-13445
peak_00855,chr11,31376921,31377433,-2.595,3.588669636384984e-05,0.00034069648446692885,Dnmt3a,18470
peak_00856,chr11,44593420,44594803,1.965,,0.039586545748426794,Stat5b,29832
peak_00857,chr7,10259030,10259943,-1.089,0.005816928207389492,0.015864349656516796,Id3,3320
peak_00858,chr18,101410769,101411879,2.73,3.220959817200473e-06,5.0327497143757396e-05,Cd28,-46563
peak_00859,chr14,9572469,9573344,-0.478,0.10417308200026705,0.1556370747015942,Tnf,-5390
peak_00860,chr18,104413068,104413716,-0.611,0.0780603708704926,0.12338309410509894,Satb1,4339
peak_00861,chr12,34914466,34915295,0.975,0.07785236852067604,0.12323829374464419,Stat5b,32142
peak_00862,chr17,6361006,6362167,-1.553,0.0018843136521469602,0.006634907225869578,Stat1,-37947
peak_00863,chr17,102649147,102649803,4.363,4.358248067128033e-10,4.6695515004943216e-08,Gata3,-42786
peak_00864,chr12,69804793,69805210,0.232,0.5336758549819699,0.5916583758114966,Ifng,-38269
peak_00865,chrX,46837151,46837947,2.395,0.0035608081422988914,0.010746905862069089,Id2,-6032
peak_00866,chr6,84644507,84645769,0.222,0.5572218874584677,0.6096519556438378,Il2ra,36547
peak_00867,chr7,42720173,42721273,-3.997,9.140179152481311e-05,0.0006924378145819175,Stat1,-41603
peak_00868,chr12,15931849,15932272,-1.425,0.029039463517055806,0.05746595682794685,Lag3,-30824
peak_00869,chr4,53899427,53900040,0.583,0.07010234022250561,0.11423158326610543,Crebbp,-17542
peak_00870,chr12,70421444,70422540,-1.211,0.04834188256713263,0.08601758463902602,Klrg1,-47527
peak_00871,chr10,18302217,18303147,0.103,0.6466522044914363,0.6893946742979066,Bach2,-15456
peak_00872,chr19,73070319,73071515,-2.464,1.8457511249745948e-05,0.00021134554866121313,Ctcf,-41589
peak_00873,chr17,88700987,88701906,-2.926,0.0022360833400523706,0.007626159553105873,Pdcd1,-43118
peak_00874,chrX,114553344,114554585,0.136,0.5524821230207377,0.6062349557652572,Ifng,36170
peak_00875,chr13,8825264,8825722,1.32,0.03893590971001148,0.07279069090563962,Cd8b1,-43365
peak_00876,chr18,91654323,91655298,0.936,0.056134826900444516,0.09711476106919312,Cd4,8214
peak_00877,chr12,90138217,90138704,4.099,6.504512873929892e-08,2.4391923277237093e-06,Stat5b,19199
peak_00878,chr16,26573358,26574402,-2.222,6.290221508575516e-05,0.0005127897968947432,Stat3,3856
peak_00879,chr4,98749443,98749804,-1.896,0.020012674209497025,0.04222083166560554,Gata3,35525
peak_00880,chr15,70723756,70724055,-1.786,0.00031951398896880827,0.0016875738853986352,Ezh2,-36414
peak_00881,chr17,99328234,99329061,-1.435,0.022253500513140234,0.04604172519960048,Gata3,9588
peak_00882,chr10,105698708,105699018,1.408,0.0008859168560495049,0.0036251995978189644,Il17a,37425
peak_00883,chr1,60687584,60688688,-0.677,0.058189215016128136,0.09929900173400706,Myc,-640
peak_00884,chr16,24578940,24580307,-0.473,0.1651063690709446,0.23081039478696821,Ezh2,-35764
peak_00885,chr13,13956399,13957125,-0.429,0.2160015566157471,0.2882583050921892,Bach2,-5576
peak_00886,chr3,21045735,21046625,-2.184,1.982890591556265e-05,0.000220321176839585,Tnf,-29344
peak_00887,chr7,78199209,78199821,0.559,0.07479191952875766,0.11960328282850372,Gata3,19367
peak_00888,chr11,99013577,99014791,2.181,0.000273554493608735,0.0015085725750481709,Il2rb,24139
peak_00889,chr3,33170821,33172304,2.595,0.0002895488057284749,0.001556714009292876,Il21,9322
peak_00890,chr1,19580436,19581301,-0.172,0.55623188282144,0.6094578701476698,Tnf,-8448
peak_00891,chr2,68277127,68278011,1.08,0.009558719912964638,0.023051575352808613,Cd8b1,-15642
peak_00892,chr11,111864816,111865498,3.003,4.043797382193243e-07,8.987814198021711e-06,Runx1,-11102
peak_00893,chr15,55256209,55257343,-1.456,0.005429435179094124,0.015026112119264181,Ccr7,-31969
peak_00894,chr3,36158281,36158572,-0.811,0.03195890472002279,0.06217685743195095,Klrg1,36525
peak_00895,chrX,43359090,43360319,4.392,2.8094119927946625e-05,0.0002828267106840264,Cd8b1,-43349
peak_00896,chr15,98798036,98798270,-2.733,0.00010184982559800273,0.0007437690174022437,Ccr7,43992
peak_00897,chr12,87332606,87333506,-1.117,0.022502281613340235,0.04648111262609612,Cd3e,36395
peak_00898,chr17,79481434,79482515,3.433,2.43393972989169e-07,6.2946717152371295e-06,Ccr7,-22085
peak_00899,chr14,113662990,113664014,-1.294,0.07318601688175842,0.11785725295948737,Ikzf1,7185
peak_00900,chr1,53375122,53375847,-0.135,0.6075032499272456,0.6532293009970382,Bcl11b,21419
peak_00901,chr1,42938947,42939782,-0.349,0.4574217381192794,0.523846540323298,Ctla4,-45852
peak_00902,chr19,75259883,75260467,-0.787,0.043300113115797526,0.07930423647581965,Pdcd1,-9188
peak_00903,chr7,26934099,26934981,1.708,0.006161210948029924,0.016681979101164056,Batf,-8138
peak_00904,chr16,60696367,60697022,0.142,0.6900026906310728,0.7268286769287985,Ccr7,48789
peak_00905,chr7,62863242,62864687,-1.454,0.007355978422488854,0.019089909400922634,Tcf7,-45861
peak_00906,chr6,19654108,19654861,-0.824,0.16868563223373972,0.2349382064536765,Ep300,-41029
peak_00907,chr9,110507733,110508868,-2.298,0.0010145737507835798,0.0039943848456046455,Pdcd1,-564
peak_00908,chr15,35239244,35240373,-0.337,0.4490974074809224,0.5162039166447384,Stat3,-49091
peak_00909,chr9,10572416,10573208,2.093,0.00015817842007355355,0.001013964231240728,Crebbp,42987
peak_00910,chr16,89714999,89716055,-0.114,0.6399999836181753,0.6836873351960342,Batf,-30693
peak_00911,chr9,90878568,90879664,0.908,0.13987570595919901,0.20075451800920083,Ikzf3,-46406
peak_00912,chr17,83311615,83312963,-0.177,0.5368664842887383,0.5943171412790461,Dnmt3a,-32369
peak_00913,chr7,106696510,106696912,-0.85,0.03446108081327695,0.06589668424172747,Sell,-25015
peak_00914,chr1,65617245,65618464,1.738,0.005011412051422144,0.014156531218706622,Il2rb,-18997
peak_00915,chr2,65009625,65010079,-1.318,0.013282330436332847,0.029960143841352285,Ikzf1,-13533
peak_00916,chr15,88591842,88593152,1.178,0.014588445770683479,0.03232299653770342,Stat5a,-35465
peak_00917,chr10,106586164,106586369,-2.952,2.570885964057294e-06,4.195855577848847e-05,Il17a,-20410
peak_00918,chr12,18127235,18127561,-1.595,0.011152052559375155,0.02581493648003508,Irf4,-22887
peak_00919,chr14,16956369,16956874,2.145,0.001418319208382054,0.005240095597470643,Bach2,-9779
peak_00920,chr1,110185136,110185594,0.296,0.420916753753295,0.49163316028409,Runx3,-13450
peak_00921,chr3,47158045,47158755,0.77,0.02908184489304368,0.05747400176490846,Il4,7361
peak_00922,chr16,117473299,117473697,0.176,0.6475005118007496,0.6898087838786395,Smc1a,-41891
peak_00923,chr13,20760038,20761414,1.019,0.03338431171443423,0.06420059945083506,Tnf,-32181
peak_00924,chr11,38963404,38964229,-1.112,0.007248618951056944,0.01890944074188768,Notch1,-171
peak_00925,chr7,12654583,12655179,2.138,0.00022209388179957913,0.0012982446191565028,Ets1,24648
peak_00926,chr4,76223775,76224199,0.741,0.13591462034741927,0.1956544438782427,Ccr7,-18060
peak_00927,chr6,10939903,10940705,1.731,0.0002970447120217607,0.0015913109572594324,Satb1,9621
peak_00928,chr10,64218173,64218428,-1.11,0.007487099617944919,0.019263549617353992,Stat5b,8458
peak_00929,chrX,23057573,23058860,-2.527,4.2495657184468525e-05,0.0003794255105756118,Rag1,28943
peak_00930,chr8,30672046,30673030,-0.794,0.14375154057881231,0.20477427432879247,Ctla4,18299
peak_00931,chr15,21458980,21460394,-1.464,0.025559120099515498,0.051599838693503694,Kdm6b,-19825
peak_00932,chr16,77584867,77586169,-0.838,0.09808884832097613,0.1481704657416558,Cd8b1,35554
peak_00933,chr15,5827524,5828651,-0.825,0.02879977300114561,0.05721809205525618,Gata3,-1351
peak_00934,chr2,36160861,36161885,-1.034,0.025084009488108436,0.05078549173542386,Runx3,-29489
peak_00935,chr16,106835147,106835375,1.607,0.0004914044725542521,0.0023625215026646736,Il2ra,-16189
peak_00936,chr6,62149864,62150189,-2.187,0.0006012155215617707,0.0027327978252807755,Klrg1,14832
peak_00937,chr3,86890709,86891568,0.792,0.10478619591793369,0.15639730734019952,Foxp3,-3216
peak_00938,chr19,9350523,9350860,1.264,0.003150333490498104,0.00966672222619103,Il17a,-38035
peak_00939,chr6,17916156,17917649,-0.206,0.4997476503335307,0.5636251695490947,Cd28,32240
peak_00940,chrX,17005614,17006150,2.625,3.253109080050163e-05,0.000318932262750016,Il17a,-12177
peak_00941,chr17,23834278,23834537,1.069,0.07143960544294797,0.11601498721593734,Stat1,15502
peak_00942,chr12,70707258,70708193,0.214,0.5420956104132232,0.5992213821811605,Brd4,1116
peak_00943,chr11,97822063,97822940,-1.501,0.002085249654317107,0.007190516049369334,Brd4,6765
peak_00944,chr14,23840329,23840530,1.357,0.0021062180471903146,0.007246163006388697,Ikzf3,-38253
peak_00945,chr2,101485516,101486656,-1.32,0.04050330654030604,0.07472934786034324,Tcf7,28937
peak_00946,chr7,35291205,35291499,1.49,0.00809483274486334,0.02031132343188148,Ezh2,-24902
peak_00947,chr13,50767216,50768391,-0.257,0.46128926723373914,0.5273886439410127,Id2,-45802
peak_00948,chr14,85064178,85064817,4.347,1.3751501318525995e-09,1.1459584432104996e-07,Prdm1,47464
peak_00949,chr15,31519809,31520941,1.975,0.001747972226826617,0.006242757952952203,Batf,-26245
peak_00950,chr8,106703051,106703904,0.22,0.36570194603959183,0.4409589381506332,Ccr7,11006
peak_00951,chr16,58970518,58970994,-0.264,0.5031031165892065,0.5669832268097743,Cd8b1,-24780
peak_00952,chr6,67328397,67329076,2.697,0.0040814029580181245,0.01202771009239133,Id3,-28237
peak_00953,chr15,44077710,44078430,1.023,0.022979014817423385,0.04715256118486331,Bcl11b,45208
peak_00954,chr19,1316481,1317501,1.349,0.014304151224531748,0.031787002721181665,Ccr7,-13417
peak_00955,chr14,3689661,3690071,0.26,0.4834111194937962,0.5489149729301244,Stat5a,15687
peak_00956,chr15,64057461,64058954,0.708,0.06203093001118943,0.10407874162951247,Ezh2,-39866
peak_00957,chr1,40655343,40656396,-2.565,6.418760991355371e-06,9.169658559079101e-05,Il4,10375
peak_00958,chr13,116786481,116787210,-0.409,0.23036184125165798,0.30286237291490387,Rorc,-26729
peak_00959,chr18,85709244,85709922,-0.867,0.03950484716301659,0.07370307306532946,Smc1a,-33929
peak_00960,chr8,14392718,14393764,-0.161,0.5075063245983199,0.5714295557776002,Gata3,-13649
peak_00961,chr3,81548141,81548648,-0.088,0.7205190421992337,0.7521075597069244,Hdac3,15687
peak_00962,chrX,83743648,83744582,0.719,0.0767754099538264,0.12199482513849534,Ikzf2,-15950
peak_00963,chr5,54940487,54940915,-0.401,0.4355762446352029,0.5033623782379077,Zeb2,-26193
peak_00964,chr14,115849054,115849948,2.244,0.0045441194672422944,0.01303284742038899,Sell,-47808
peak_00965,chr5,75393379,75393824,-0.682,0.036049263946560925,0.06844796951878657,Batf,-34359
peak_00966,chr3,56558853,56559431,-1.778,0.0014100118352526046,0.005235192457621056,Kdm6b,31616
peak_00967,chr8,26056782,26057529,0.242,0.3136652426746496,0.38884120992725163,Ifng,-29901
peak_00968,chrX,43889158,43890250,-0.237,0.318019125054197,0.3932265254316751,Cd3e,-23994
peak_00969,chr15,22761721,22762391,-0.081,0.7423107599486284,0.7710984348496832,Ikzf1,25661
peak_00970,chr19,76000539,76001035,1.063,0.0058446296250616,0.01591096994118403,Lef1,-10710
peak_00971,chr6,75671928,75672594,-1.063,0.06968190305022723,0.1137354239122316,Ctla4,-3151
peak_00972,chr1,52186861,52187590,1.694,0.005059143002839333,0.014186155243295738,Stat1,9571
peak_00973,chr19,93728983,93729508,2.177,3.390241033726211e-05,0.00032598471478136645,Runx1,-39857
peak_00974,chr19,98120142,98121273,0.254,0.32205686434718833,0.39760106709529425,Smc1a,15698
peak_00975,chr16,33732537,33733913,-1.255,0.0023281922389016643,0.007830242955947302,Il2rb,-4206
peak_00976,chr2,70409527,70410695,0.237,0.5328492791807287,0.5911789340022877,Lag3,7604
peak_00977,chr14,117332005,117332640,4.659,1.078564656400405e-05,0.00013710567666106843,Ccr7,-17727
peak_00978,chr17,49099675,49100518,-0.147,0.5274536664873664,0.5879442525557773,Ctcf,8308
peak_00979,chr12,22227059,22228490,1.124,0.003783692454099622,0.011283377099700663,Kdm6b,24224
peak_00980,chr11,52864884,52865366,-3.784,5.786267832624342e-05,0.00048218898605202853,Bcl11b,46768
peak_00981,chr3,40776035,40776466,-0.668,0.07013819212538873,0.11423158326610543,Ikzf3,-8758
peak_00982,chr10,61532038,61533472,-0.367,0.1597299385475822,0.22497174443321435,Ets2,47264
peak_00983,chr11,65608606,65608401,-2.798,2.187096211849111e-05,0.00023601757681824937,Myb,5183
peak_00984,chr15,92257760,92258850,-0.154,0.5280128647214489,0.5879442525557773,Zeb2,6607
peak_00985,chr15,21950134,21950969,-1.006,0.06175254744556711,0.10384396991967564,Ccr7,22479
peak_00986,chrX,93594255,93595205,-2.575,3.317866751179965e-05,0.000323168839400646,Stat4,-28066
peak_00987,chr15,3594597,3594992,-2.514,0.0013987257581996979,0.0052061752786589244,Gata3,-30414
peak_00988,chr10,44296545,44297002,-0.322,0.21843314222543553,0.2904696040231855,Ets1,25173
peak_00989,chr19,9129389,9130628,0.018,0.9418853484567183,0.94757077309529,Tbx21,48085
peak_00990,chr18,61717274,61716889,1.046,0.045942075584106054,0.08272882758242386,Myb,-6749
peak_00991,chr10,76718227,76718477,-1.627,0.00030418018370344756,0.0016237376354276561,Notch1,-1844
peak_00992,chr3,80159658,80160824,-2.432,0.003869863751519876,0.011493259916090782,Sell,39008
peak_00993,chr4,67927863,67928117,3.452,5.874727040719905e-05,0.00048685583210385957,Rag1,23971
peak_00994,chr12,90051916,90053365,3.154,2.3680171217359562e-05,0.0002519167150782932,Rorc,40303
peak_00995,chr10,111842880,111843272,0.152,0.7110242626003066,0.7450191546754406,Crebbp,-40950
peak_00996,chr8,76774700,76775629,-0.387,0.21347157886118132,0.28538981131173974,Tbx21,40667
peak_00997,chr8,21771540,21771932,0.175,0.6150934511943807,0.6599715141570609,Id3,-10688
peak_00998,chr9,15886243,15887273,-0.545,0.22146602304998034,0.2939814465265225,Bach2,3787
peak_00999,chr5,105901318,105901799,-1.044,0.01004432685304625,0.02376418025168671,Stat5a,23662
peak_01000,chr9,54379976,54381214,-4.163,1.736225540804159e-06,3.338895270777229e-05,Myb,-27653
peak_01001,chr19,33033553,33034427,-1.825,0.013832173680996806,0.031013842334073553,Id2,25322
peak_01002,chr2,114444791,114445170,-0.594,0.08256981900196976,0.1294197789999526,Rag2,8525
peak_01003,chr16,92035511,92035952,-1.563,0.0014411286940026278,0.005298267257362602,Il21,-24732
peak_01004,chr5,57816215,57817170,3.878,0.00015220124029946506,0.0009883197422043185,Il17a,11526
peak_01005,chr7,59237410,59238437,-1.579,0.0005331951990805684,0.002510502840081975,Stat5a,17718
peak_01006,chr15,118672352,118673220,-2.748,0.0006057627391627741,0.0027451483647859855,Crebbp,-32291
peak_01007,chr16,111979568,111980619,0.301,0.36043961129404417,0.435794474306073,Runx1,18129
peak_01008,chr12,55205168,55205590,-0.302,0.4214934960835598,0.49163316028409,Foxp3,18361
peak_01009,chr2,63302241,63302562,-0.253,0.41355736111919583,0.48578637489761506,Stat5a,-32203
peak_01010,chr13,3537799,3539032,-1.379,0.037857798317090734,0.07116127503212544,Batf,-46708
peak_01011,chr11,70197296,70197575,-0.311,0.2983461835065582,0.372622210874136,Notch1,21236
peak_01012,chr5,80373455,80373225,-1.369,0.0023465059302618103,0.00787418097403292,Lef1,-23194
peak_01013,chr3,75336969,75338202,-1.625,0.01933861566817431,0.04097164336477608,Cd28,36353
peak_01014,chr10,57336852,57337461,-2.801,3.805680545137457e-05,0.00035456651041653326,Cd4,10259
peak_01015,chr2,90418242,90419148,-0.568,0.2688424374655891,0.3452252591142612,Il2ra,-27305
peak_01016,chr17,17061205,17061891,0.566,0.17338470142631948,0.24081208531433262,Cd28,12053
peak_01017,chr1,68954973,68956274,0.23,0.39499681008376963,0.46800569915138585,Rag2,-31734
peak_01018,chr12,89052285,89052796,1.452,,0.003200098444783909,Rag2,45052
peak_01019,chr8,62677136,62678181,5.466,1.7649735450144528e-09,1.3934001671166732e-07,Bcl11b,13110
peak_01020,chr11,58875105,58875571,-0.28,0.35396167394011563,0.429649104147128,Id3,29084
peak_01021,chr6,103446620,103447469,0.52,0.2918212042472345,0.36628594162380756,Ep300,-30778
peak_01022,chr14,110802381,110803452,-0.396,0.36647827767666824,0.44154009358634727,Lef1,-5037
peak_01023,chr16,103110305,103109807,0.981,0.034931352818672184,0.06657818199238663,Ctla4,2227
peak_01024,chr7,31888602,31889176,0.739,0.10383993439585015,0.15529401953516972,Zeb2,21898
peak_01025,chr18,8392066,8393277,-1.028,0.0160681793303481,0.035185794154046934,Kdm6b,-28299
peak_01026,chr2,7037748,7038481,-2.032,0.007179254678323251,0.018793860414458772,Tet2,19469
peak_01027,chr13,7482581,7483960,0.611,0.09533329493664257,0.14515732544531448,Ep300,-9023
peak_01028,chr19,21380630,21382084,2.782,0.003214697601792694,0.009820868437248557,Foxp3,8628
peak_01029,chr18,78389196,78390019,5.537,9.457310308327465e-12,3.5464913656227996e-09,Stat5a,-49479
peak_01030,chr3,78929308,78930510,0.284,0.4213448773064293,0.49163316028409,Lag3,47716
peak_01031,chrX,63411711,63412478,0.234,0.3384286789124294,0.4157600478039673,Rag2,-40353
peak_01032,chr7,6266182,6266948,-0.135,0.5106728295285089,0.5729313719467191,Stat5a,-19934
peak_01033,chr8,86771133,86772000,0.83,0.03448593141983738,0.06589668424172747,Foxp3,-40600
peak_01034,chr9,43102919,43103277,-1.175,0.04014202447608438,0.07435323987332146,Stat5b,-42780
peak_01035,chr7,20142627,20143922,-1.639,0.0006480076583488592,0.002858857316244967,Notch1,43910
peak_01036,chr17,77595657,77596352,-0.046,0.8781873452249833,0.890656536739334,Cd28,10955
peak_01037,chr7,73613537,73614922,2.138,0.0030406984258835846,0.009462754437397048,Tnf,-8843
peak_01038,chr14,61527794,61528101,0.794,0.01902935452882267,0.04037345373866196,Pdcd1,-10120
peak_01039,chr12,93689007,93689501,0.201,0.44685048290988943,0.5148047038132366,Cd8a,-5713
peak_01040,chr18,99675813,99676926,-2.669,2.185247739843884e-06,3.7676685169722137e-05,Rag2,-3132
peak_01041,chr7,107375620,107376281,-0.657,0.07474103573402963,0.11960328282850372,Ezh2,2451
peak_01042,chr6,114347353,114347760,-0.911,0.1400833733010861,0.20075451800920083,Il21,-37852
peak_01043,chr3,38881213,38881472,-0.535,0.12870201549489457,0.18743011965275908,Stat3,42522
peak_01044,chr16,24256684,24257528,2.024,0.00011038604840433697,0.000777366538058711,Satb1,12490
peak_01045,chr18,18396490,18397485,-0.493,0.17572793024783342,0.24361543010328107,Myb,33657
peak_01046,chr1,4659841,4660821,-0.125,0.6015700177353579,0.6488028014731978,Il17a,18848
peak_01047,chr10,74181228,74182402,0.709,0.052570340920684536,0.09169245509421721,Brd4,3723
peak_01048,chr11,101072066,101072692,0.709,0.17816998486880362,0.24541320229862756,Ezh2,-36086
peak_01049,chr18,7954788,7956094,4.128,6.422403322363223e-08,2.4391923277237093e-06,Runx3,-19546
peak_01050,chr15,31467367,31468813,0.46,0.3803653633923918,0.4538966150267206,Hdac3,-10670
peak_01051,chr11,44517209,44517532,3.915,8.367202067076044e-09,4.4824296787907383e-07,Tet2,-46020
peak_01052,chr13,9971853,9972747,-1.662,0.0005345355494938689,0.002510502840081975,Il7r,15595
peak_01053,chr9,23703209,23703905,0.585,0.15297765596119184,0.21647781503942243,Ets1,-24406
peak_01054,chr19,119924320,119924906,0.096,0.7272238990989432,0.758051319422109,Notch1,13116
peak_01055,chr11,60308805,60309437,-1.114,0.03626193543895496,0.06876473218512319,Il4,41983
peak_01056,chr19,70918864,70919942,0.276,0.5580053959934859,0.6100642084476886,Il2rb,46625
peak_01057,chr8,112874807,112875461,-2.955,0.00010264012440150965,0.0007437690174022437,Tet2,-32532
peak_01058,chr10,38114877,38115596,-1.487,0.01089822818869139,0.025266371380273704,Brd4,-46296
peak_01059,chr17,67902084,67902356,0.703,0.06188860082578133,0.1039562163926898,Il4,5751
peak_01060,chr19,34888952,34890350,-1.255,0.005059728703442147,0.014186155243295738,Batf,-47148
peak_01061,chr5,27414376,27415698,-0.088,0.70233227790324,0.7377439893941597,Ets2,-19256
peak_01062,chrX,60241067,60241824,1.195,0.047154583629959036,0.0844055792899028,Rag2,-30254
peak_01063,chr18,54520507,54521051,2.087,0.0016218842686342065,0.005862232296268217,Foxp3,-16453
peak_01064,chr2,60504365,60505246,-0.984,0.0077581833883504465,0.01975768265284494,Il2rb,15251
peak_01065,chr11,54261934,54262377,-0.628,0.13294448258074995,0.19217959626361392,Ets2,31186
peak_01066,chr3,84274204,84275543,-0.382,0.42470253716379797,0.49384015949278837,Myc,-27819
peak_01067,chr15,18422466,18423960,0.293,0.36939089591987234,0.443979442211385,Tcf7,489
peak_01068,chr2,97941724,97942508,-3.612,6.800117134270506e-08,2.4696323603601407e-06,Dnmt3a,-46814
peak_01069,chr12,69438239,69438893,0.058,0.8532799450834423,0.8705059582340995,Kdm6b,-15922
peak_01070,chrX,112251416,112252571,-1.579,0.008941576496852484,0.021915628668756088,Cd4,6235
peak_01071,chr3,42204043,42204683,-0.384,0.3034332319584837,0.37771771613089256,Cd8a,-23848
peak_01072,chr17,55147835,55148769,-0.149,0.652934704355127,0.6946113876118373,Bach2,15642
peak_01073,chr10,119732328,119733541,-0.89,0.05639971912608033,0.09724089504496608,Il7r,-20082
peak_01074,chrX,42581993,42582985,-1.223,0.01182710646694907,0.027209600767520867,Hdac3,-41282
peak_01075,chr2,116500283,116501108,-0.746,0.22259548005746557,0.29495867498780776,Il2ra,-13589
peak_01076,chr12,55690612,55691386,-1.508,0.00360142512279069,0.010825927222817704,Brd4,-5813
peak_01077,chr7,43531533,43533020,0.525,0.10497445187903012,0.1565225425631662,Tet2,2946
peak_01078,chr12,118083200,118084589,2.207,0.0012706604212154005,0.004800983959252143,Il4,26956
peak_01079,chr12,71687071,71687302,-0.579,0.22222023947663677,0.29472180301941214,Dntt,22149
peak_01080,chr8,61811501,61812978,-0.224,0.34252330789600893,0.4194162953828681,Kdm6b,-14366
peak_01081,chr13,10436902,10438390,-0.504,0.35265981202979607,0.4286788638935933,Ccr7,4781
peak_01082,chrX,10843532,10843733,0.803,0.026936826307015584,0.053945580054103305,Rad21,222
peak_01083,chr11,34549454,34550453,0.929,0.060918507886505775,0.10278713366677016,Pdcd1,-8229
peak_01084,chr1,28702320,28703627,0.899,0.03672200983916314,0.06945599792892498,Cd8b1,-1100
peak_01085,chr14,73403368,73404819,-0.12,0.5645885803663632,0.6153304886472956,Id3,5247
peak_01086,chr18,73834270,73834684,-0.838,0.15992115510542018,0.2250297679719796,Foxp3,34872
peak_01087,chr11,100979367,100979954,-0.555,0.12360490249574961,0.1807089217774117,Rad21,35182
peak_01088,chr2,10451718,10452977,0.366,0.36054729507589106,0.435794474306073,Kdm6b,25514
peak_01089,chr1,3113214,3113958,-5.222,7.502934970888717e-11,1.704000256204412e-08,Il2ra,-25228
peak_01090,chr18,36804585,36805469,1.254,0.002419708663289659,0.008012280342018738,Stat1,-33220
peak_01091,chr11,113902709,113903852,2.158,0.0012808193563524635,0.004827208629469084,Lef1,44867
peak_01092,chr5,67711534,67712522,0.729,0.09541674859272005,0.14515732544531448,Bcl11b,-8085
peak_01093,chr4,18963209,18963753,-3.578,0.0006674058987369041,0.002904509627707661,Id2,47353
peak_01094,chr1,96965991,96966233,-1.569,0.027094541951610335,0.05418908390322067,Bcl11b,9837
peak_01095,chr4,107437096,107437656,-0.53,0.2625755517817933,0.33808010959029183,Dnmt3a,-29577
peak_01096,chr18,29756407,29757355,-2.819,0.0006680372143727621,0.002904509627707661,Tbx21,-40386
peak_01097,chr12,96846280,96846573,1.661,0.0022882566980973467,0.007730596953031577,Kdm6b,23718
peak_01098,chr17,44746371,44747612,0.353,0.38658129306995515,0.4594864814619118,Myb,-41118
peak_01099,chr11,23336873,23338289,-1.426,0.0012608709528153788,0.0047760263364218895,Runx3,26778
peak_01100,chr7,29262088,29263023,1.328,0.0027783994303020184,0.0087554603896072,Il17a,-42803
peak_01101,chr14,69096262,69097312,0.993,0.13298828061442083,0.19217959626361392,Stat4,19781
peak_01102,chr11,1810757,1812077,0.57,0.10283565816030277,0.15409938785260155,Il7r,27322
peak_01103,chr2,12924088,12924389,-2.229,0.0008689469050710795,0.003580825158259943,Rad21,-39232
peak_01104,chr3,96758062,96758656,-1.336,0.06379321752910715,0.10632202921517857,Cd4,13416
peak_01105,chr5,25069753,25070974,2.381,0.0002106437626627405,0.001248876063217829,Ezh2,34071
peak_01106,chr10,54667490,54668746,-1.606,0.009397951329272082,0.022773710814068048,Ep300,16749
peak_01107,chr15,89699070,89700175,-3.736,0.0005481896640539293,0.0025536785592574344,Stat4,22080
peak_01108,chr9,100693776,100694702,-0.973,0.009911080804330806,0.023608665497343684,Bach2,10775
peak_01109,chr9,92967173,92968578,3.593,6.740537976651482e-05,0.0005406848644372847,Ctcf,41674
peak_01110,chr5,40133759,40134644,-3.643,7.134215669009279e-08,2.4886798845381207e-06,Ep300,-22442
peak_01111,chr17,52950370,52951573,-1.126,0.05967783245904175,0.10137797133472551,Rag2,11103
peak_01112,chr16,22357419,22358850,-0.499,0.23587795069830392,0.3087407731653192,Rad21,26526
peak_01113,chr18,59873218,59874661,3.74,9.186409828885621e-05,0.0006924429519260518,Tbx21,-28417
peak_01114,chr16,25048699,25050050,1.152,0.004110097128535212,0.012070403260037787,Ccr7,-28315
peak_01115,chr7,47175156,47175461,-0.779,0.06577804574960636,0.10854462994984547,Tcf7,23718
peak_01116,chr18,76883848,76884065,-1.739,0.01405362014174053,0.031323076096004154,Notch1,-30115
peak_01117,chrX,13768159,13768543,-0.077,0.7768356651885493,0.8025161830460219,Hdac3,-9547
peak_01118,chr18,9292742,9293012,-0.574,0.2603571515699246,0.3363787487983522,Lag3,19417
peak_01119,chr3,60306558,60306972,0.105,0.6910337081860053,0.7274039033536898,Ets2,-8968
peak_01120,chr6,100637466,100638343,3.504,9.656126108397823e-06,0.0001281786651557233,Cd4,27343
peak_01121,chr4,88659579,88660079,-0.028,0.8793729881979039,0.891256406957335,Klrg1,44237
peak_01122,chr1,33446807,33447729,0.642,0.11456268918281913,0.1693044667726391,Ikzf2,45493
peak_01123,chr9,53515672,53516601,0.101,0.7124083784517088,0.7457170744435193,Pdcd1,11888
peak_01124,chr7,89684513,89684856,-1.219,0.009998235922457977,0.023729990322289504,Tnf,25705
peak_01125,chr8,83776148,83776934,6.103,3.002220464213962e-09,2.046968498327701e-07,Ctcf,-33691
peak_01126,chr7,48317708,48318246,3.598,1.1024211033465871e-07,3.4450659479580846e-06,Bcl11b,-38850
peak_01127,chr8,57754176,57755200,-4.939,5.047303918644561e-05,0.0004376275073969272,Stat5b,-1112
peak_01128,chr17,20440977,20442428,1.78,0.02058630008881904,0.043309186722620706,Ets1,-14820
peak_01129,chr9,30969158,30969818,-3.65,8.797631304215113e-05,0.0006698704038742471,Il4,-10149
peak_01130,chr11,117246209,117247051,2.16,2.525264592881958e-05,0.00026488789435824735,Runx1,49407
peak_01131,chr4,50153328,50154045,-2.278,3.365970386038482e-05,0.0003257390696166273,Runx1,-45559
peak_01132,chr18,23194372,23195572,0.47,0.18385859127942258,0.2514951852304383,Runx3,-42317
peak_01133,chr3,100518142,100518842,0.158,0.7214928861581688,0.7526003680370327,Klrg1,-9318
peak_01134,chr6,2425258,2425552,0.3,0.22834468785617132,0.3007173237789789,Il2rb,39240
peak_01135,chr16,23490721,23491420,-1.708,0.003655717857924546,0.010967153573773638,Foxp3,16949
peak_01136,chr18,61987255,61987486,0.616,0.047913814524640046,0.08535715176598584,Klrg1,-27195
peak_01137,chr11,4110540,4111854,-2.01,0.008446358783569648,0.0209068286722021,Stat3,-37565
peak_01138,chrX,109997145,109998474,0.921,0.04969062599752863,0.08789615447676054,Il2rb,-20574
peak_01139,chr9,5418442,5419597,-5.587,2.2963111358713262e-10,3.416867600103668e-08,Il4,-6894
peak_01140,chr9,11303294,11304370,-1.662,0.009710725456293715,0.02323140061314286,Dntt,-10324
peak_01141,chr12,28945608,28946469,-0.948,0.0804181094169473,0.12670920601409763,Il21,-48336
peak_01142,chr4,105509690,105510581,-0.193,0.39730302613011775,0.4696253263949382,Ikzf2,3734
peak_01143,chr2,16655866,16656131,-0.663,0.05799047963189087,0.09927323280850538,Hdac3,28429
peak_01144,chr7,81372489,81373804,0.239,0.39544228722028285,0.4680930433235953,Ikzf3,-31488
peak_01145,chr7,88618762,88619727,-1.064,0.0218462507362151,0.04526156920486554,Gata3,-26108
peak_01146,chr3,39612648,39613808,-0.684,0.2523209686941595,0.3268406330235226,Stat1,44689
peak_01147,chr11,69592827,69593112,-0.12,0.6353256955397785,0.6792505654381095,Il17a,-24843
peak_01148,chr11,87167574,87168932,-0.959,0.0402003183581758,0.07435323987332146,Prdm1,33957
peak_01149,chrX,61273303,61273987,0.759,0.07260288992239597,0.11748040440517146,Foxp3,21356
peak_01150,chr16,94411380,94411958,-1.817,0.0014570704199125166,0.005343779046133925,Ets1,7902
peak_01151,chr2,116376410,116377710,-5.939,7.842158009703711e-13,5.881618507277784e-10,Cd3e,22274
peak_01152,chr16,2854170,2855318,-0.494,0.08907541514119832,0.13689582289855218,Ets2,-43864
peak_01153,chr3,87986865,87988116,0.202,0.4437907328741223,0.51246043057058,Prdm1,37385
peak_01154,chr12,16376142,16376445,-0.981,0.03686390654607025,0.06955454065296274,Tnf,-30611
peak_01155,chrX,83985516,83987004,-4.331,8.595567258122777e-08,2.803526997708684e-06,Prdm1,-46325
peak_01156,chr13,62565031,62565959,-0.95,0.012353193223233517,0.02816077482500042,Stat3,5948
peak_01157,chr11,39520901,39522248,-0.19,0.42618794788114606,0.49441757294796523,Myc,-23767
peak_01158,chr2,14009888,14011333,-0.478,0.1626550409612755,0.22823438862667283,Ets2,-29507
peak_01159,chr13,70949152,70949903,-0.949,0.033006566081844546,0.06380135196232838,Il2ra,-26180
peak_01160,chr4,40443800,40444862,-1.602,0.0055398238583697565,0.015247221628540614,Ctcf,-45066
peak_01161,chr5,57321535,57322267,2.309,0.0001793496115350142,0.0011073228936692003,Irf4,45724
peak_01162,chr18,103738157,103738824,-2.634,0.002822135809812221,0.008874640911359186,Tnf,21899
peak_01163,chr2,108905378,108906679,-2.433,0.00025336252300560235,0.0014303189782253283,Satb1,-10157
peak_01164,chr11,90447889,90448748,-0.923,0.09606779287696221,0.14588086086118876,Myb,5846
peak_01165,chr9,42812239,42813130,2.912,7.831246728530234e-05,0.0006086461187976865,Ccr7,48372
peak_01166,chr10,112914814,112916277,-1.247,0.04999647224113421,0.088170627329762,Il2rb,39133
peak_01167,chr4,72378096,72378778,-3.207,4.284604849953861e-06,6.426907274930791e-05,Tnf,18069
peak_01168,chr9,41388276,41388942,0.685,0.19936533091094805,0.2689280542863508,Ikzf2,-49619
peak_01169,chr4,89074714,89074926,-2.192,0.00015972697703715136,0.0010195338959818172,Kdm6b,7205
peak_01170,chr16,54839966,54841237,1.162,0.07159822550397829,0.11610523054699183,Gata3,-38471
peak_01171,chr1,108869664,108870020,0.447,0.2761235237058454,0.35100447928709166,Ets1,-35419
peak_01172,chr9,21570119,21570368,-3.243,3.3902334615339787e-07,7.74618781254094e-06,Ikzf1,-31426
peak_01173,chr13,100733368,100733976,0.788,0.07322863983882816,0.11785725295948737,Foxp3,-35030
peak_01174,chr1,43376446,43377607,0.03,0.9350864945883535,0.9413622428741814,Myb,34343
peak_01175,chr15,92498786,92499241,1.285,0.006321646035613618,0.01696327200969665,Bach2,745
peak_01176,chr14,59384097,59385558,-1.053,0.07308079506127005,0.11785725295948737,Il7r,17290
peak_01177,chr18,47127526,47128280,0.203,0.4465402399929356,0.5148047038132366,Sell,-40060
peak_01178,chr12,20969250,20969865,-0.381,0.23511420318404536,0.3080098731668717,Brd4,-32055
peak_01179,chr11,13181860,13182170,0.875,0.017492619826024413,0.037753855739621034,Tcf7,-33446
peak_01180,chr19,38725274,38726201,0.567,0.12860273930237892,0.18743011965275908,Rag1,43587
peak_01181,chr9,78553959,78554646,-2.104,0.0009323467988710204,0.0037493839096689827,Kdm6b,32344
peak_01182,chr5,10976212,10977429,0.073,0.8146013460906817,0.8353181780040857,Gata3,-10027
peak_01183,chr7,28505685,28506773,1.255,0.004523386879608616,0.013023186793498894,Gata3,-32723
peak_01184,chr18,71911930,71912956,-0.792,0.03991587961682465,0.07428513576332131,Tcf7,-12492
peak_01185,chr17,99383215,99384523,-0.842,0.045766901452179376,0.08265193065808722,Hdac3,-11431
peak_01186,chr1,72105866,72107110,0.403,0.258797856481842,0.33465240062307156,Rorc,45069
peak_01187,chr8,40050876,40051372,-2.44,1.092281281256009e-05,0.00013768251444403476,Prdm1,25390
peak_01188,chr2,29942815,29944058,-2.03,0.005732444935459428,0.01571968446652494,Il17a,25412
peak_01189,chr2,68890596,68891351,-2.455,0.00040589159845888306,0.0020430785157326326,Foxp3,28888
peak_01190,chr10,77271118,77271987,1.903,0.0028307732176101655,0.008883179553169977,Gata3,17395
peak_01191,chr19,1128402,1129756,-0.111,0.7622380254809908,0.7901569027100803,Crebbp,-8832
peak_01192,chr12,23628839,23629528,0.731,0.037223508816212364,0.07014480304562631,Tet2,21731
peak_01193,chr17,60401984,60403296,0.145,0.6016564645661454,0.6488028014731978,Tcf7,-39227
peak_01194,chr17,31412002,31412666,-0.171,0.4762174918913732,0.5419774186927616,Il4,-45103
peak_01195,chr5,1258676,1259954,3.672,2.1259957820257394e-06,3.735154852074343e-05,Id3,-31738
peak_01196,chr17,103588122,103589414,-0.342,0.34717951327047636,0.4230457107276316,Ctla4,-7200
peak_01197,chr12,44938395,44939587,-0.914,0.02590798909547557,0.05216373643384343,Ctcf,-48724
peak_01198,chr14,77479967,77480890,-2.132,0.0006759968491729669,0.002930622178495521,Prdm1,-31857
peak_01199,chr10,62917440,62917874,1.855,0.0002481247077541038,0.0014250077633138653,Cd8b1,46369
peak_01200,chr8,37442981,37443911,-0.561,0.10378062646115904,0.15529401953516972,Kdm6b,33654
peak_01201,chr2,55721584,55722658,0.511,0.08409887317507513,0.131131299129535,Ikzf2,-35
peak_01202,chr7,30921350,30921798,-0.415,0.24680222824712664,0.3202451058569982,Ctcf,-39321
peak_01203,chr15,30134546,30134763,-1.018,0.01449676607450134,0.032167380342828414,Myc,-19187
peak_01204,chr2,33491752,33492329,-1.594,0.001235712449799677,0.004740584845778812,Batf,-2889
peak_01205,chr9,81449980,81450720,-1.607,0.02262988324795184,0.046627506692208456,Runx1,27146
peak_01206,chr13,10569102,10570308,-1.496,0.0029664131689769316,0.009270041153052912,Gata3,-18720
peak_01207,chr11,28395071,28395461,-0.83,0.01748580574374149,0.037753855739621034,Tcf7,48479
peak_01208,chr15,43640172,43640731,-0.795,0.04584232749015884,0.08265193065808722,Stat5b,45683
peak_01209,chr1,93362798,93363924,-1.125,0.02361632584793188,0.04832808836548134,Ezh2,17827
peak_01210,chr7,1836097,1837339,0.901,0.013788391085364664,0.03100280485057944,Ep300,692
peak_01211,chr14,74281197,74281698,-2.571,0.0003981324371412655,0.0020107698845518458,Myb,-23645
peak_01212,chr13,56460457,56461496,1.351,0.02252784591944792,0.04648111262609612,Stat1,-9758
peak_01213,chr10,18155580,18156096,-1.413,0.007670201597469717,0.01960017443987151,Foxp3,-3331
peak_01214,chr19,85920173,85920797,-0.497,0.28914740293676444,0.36325050620196536,Gata3,-9447
peak_01215,chr11,5162633,5163276,0.659,0.04732300346141782,0.08460608485354795,Stat5b,41735
peak_01216,chr12,12594803,12595149,0.579,0.06018162312920358,0.1018496554139393,Bach2,-41522
peak_01217,chr8,35162799,35163364,-2.523,0.001949138554747023,0.0068151697718427376,Tnf,-13713
peak_01218,chr3,91911579,91912084,2.54,0.0001977478161030566,0.0011912519042352806,Stat3,6777
peak_01219,chr18,7866907,7867760,-1.255,0.05619707507203975,0.09711476106919312,Crebbp,-26639
peak_01220,chr5,110667640,110668299,-1.687,0.0057204388104055565,0.0157154912373779,Brd4,7675
peak_01221,chr15,115127671,115128548,-1.69,0.0004210960584393467,0.0021054802921967332,Cd4,-49802
peak_01222,chr6,44225657,44226895,4.484,7.413085195658527e-09,4.2329123458299055e-07,Klrg1,-33386
peak_01223,chr18,109548702,109549516,-5.098,1.3063170862639147e-05,0.00015428941963747023,Ccr7,-4081
peak_01224,chr19,17866121,17867521,-2.223,0.007442545877453103,0.01918181927178635,Notch1,-35357
peak_01225,chr4,44776101,44776330,1.078,0.006185311262953113,0.016686990817319548,Cd28,43058
peak_01226,chr18,85420505,85421794,0.018,0.9201582581240508,0.928202681362526,Hdac3,-18856
peak_01227,chr15,117886890,117887309,-4.647,4.074475769769842e-07,8.987814198021711e-06,Ets2,-43306
peak_01228,chr5,8847273,8848259,0.349,0.21589816506672094,0.2882583050921892,Pdcd1,-8836
peak_01229,chr10,3709157,3710402,1.985,0.010460450594867053,0.024516681081719654,Runx3,43631
peak_01230,chrX,17610471,17611847,-2.281,1.8825975217987314e-05,0.00021393153656803766,Ikzf1,19292
peak_01231,chr18,106915919,106917081,2.801,0.003151351445738276,0.00966672222619103,Stat3,31721
peak_01232,chrX,64752841,64753156,0.151,0.5500323676756016,0.6042960046293325,Tet2,16960
peak_01233,chr3,9889153,9889423,-2.308,0.000992220868395304,0.003937384398394064,Ets1,3907
peak_01234,chr3,46269426,46270666,-0.76,0.130221698034431,0.18872709860062464,Il21,12732
peak_01235,chr5,32096846,32098287,0.997,0.016310170230617795,0.035582282846092834,Tnf,865
peak_01236,chr18,22002708,22004065,-0.267,0.26973127602542957,0.3457135757215906,Tet2,-18916
peak_01237,chr9,45116954,45118255,0.484,0.14546535075998887,0.20682277359240125,Irf4,-37431
peak_01238,chr15,89380729,89382065,1.231,0.013947000031616297,0.0312246269364544,Tcf7,-1290
peak_01239,chr4,13313377,13314705,0.3,0.27763977086417835,0.35233473459921105,Ets2,-20991
peak_01240,chr11,113501790,113503060,-1.414,0.009681722945061436,0.023199016641521013,Crebbp,22365
peak_01241,chr14,63387166,63387581,-0.26,0.278540775825746,0.3528810504549147,Cd8b1,36944
peak_01242,chr12,4550742,4551834,2.216,0.0018090175684765445,0.006399826303572681,Il7r,-36308
peak_01243,chr18,107138466,107138725,-4.106,2.2703597605364025e-08,1.0642311377514386e-06,Ctla4,-12844
peak_01244,chrX,110163662,110163868,3.313,1.505725501247229e-06,2.971826647198478e-05,Ets2,41633
peak_01245,chr14,43261953,43263300,-1.864,0.0003233544190535905,0.001695914785246104,Il4,-43236
peak_01246,chr9,38383956,38384818,-2.405,0.0003389466865035607,0.0017701207909401235,Il21,-30602
peak_01247,chr14,42107943,42108668,-4.01,0.00027155533302836984,0.0015048875634093583,Ikzf2,-38155
peak_01248,chr7,11445060,11445986,0.05,0.8536761763749069,0.8705059582340995,Il21,47305
peak_01249,chrX,67122935,67123135,1.924,0.0004502088225780271,0.0022069059930295448,Cd3e,-44377
peak_01250,chr8,99589528,99590794,0.609,0.05234146343960518,0.09139952870711034,Stat5a,21860
peak_01251,chr8,63065116,63065518,-2.288,0.00026276955429787934,0.0014703939860964148,Ezh2,-19237
peak_01252,chr16,119020875,119021525,-4.428,6.983922250153729e-06,9.872951931656373e-05,Rorc,-41034
peak_01253,chr2,21013912,21014500,-2.653,0.00018957897258264924,0.0011512893071820806,Cd8a,-31966
peak_01254,chr11,118903419,118904268,0.274,0.523594187202098,0.5843685125023416,Kdm6b,4280
peak_01255,chr12,61836561,61837757,0.723,0.0835233230968134,0.13036939088992727,Rorc,41698
peak_01256,chr12,13503275,13503630,-0.045,0.894920793819172,0.904569535531508,Cd28,-23280
peak_01257,chr19,78901703,78902350,-0.579,0.16437140042577256,0.23009670743592872,Bach2,22636
peak_01258,chr3,4840873,4841880,1.681,0.011907150015132968,0.027309977098928826,Stat5b,-18257
peak_01259,chr7,97344425,97345317,0.686,0.14808295030179297,0.21034509986050137,Cd28,-23033
peak_01260,chr16,114057139,114058188,1.064,0.013806582426791378,0.03100280485057944,Runx3,-7491
peak_01261,chr6,112759317,112759746,-3.115,3.403977544175945e-07,7.74618781254094e-06,Runx3,-209
peak_01262,chr9,87333617,87333987,-3.663,2.953247664709775e-05,0.0002953247664709775,Hdac3,-1844
peak_01263,chr15,75282424,75283526,0.181,0.49018869595291126,0.554930599191975,Tet2,-32772
peak_01264,chr14,96299453,96300462,-7.217,4.278541028955735e-10,4.6695515004943216e-08,Runx1,28458
peak_01265,chr1,86678536,86679451,-1.305,0.07318654492688363,0.11785725295948737,Ets1,-24764
peak_01266,chr3,23055145,23055940,0.284,0.2418886747885903,0.31578155977622757,Dnmt3a,-39643
peak_01267,chr6,56480269,56480971,-0.431,0.23484352717011148,0.30792420520556574,Satb1,4073
peak_01268,chr4,7450307,7450662,-0.606,0.27947022410728395,0.35375977735099234,Tcf7,28025
peak_01269,chr3,106706763,106707212,0.395,0.159655878201025,0.22497174443321435,Bcl11b,-13097
peak_01270,chr4,23398250,23399494,5.977,5.582487165704428e-11,1.6747461497113283e-08,Bach2,35781
peak_01271,chr16,11535288,11536100,1.428,0.001018041753604429,0.003997546152896972,Rag1,-23804
peak_01272,chr13,12981014,12982144,0.255,0.36887707468292485,0.4439381703129559,Rad21,-11904
peak_01273,chr10,45521323,45522011,-2.751,2.411141762314041e-06,4.063722071315799e-05,Id3,7003
peak_01274,chrX,52211389,52212066,0.09,0.710586235914354,0.7450191546754406,Rorc,35040
peak_01275,chr5,69324130,69324682,-0.215,0.4574926452156803,0.523846540323298,Hdac3,-7098
peak_01276,chr12,114741585,114742097,-2.569,3.0349827020002836e-06,4.7920779505267634e-05,Ikzf2,45752
peak_01277,chr6,20017534,20018357,-0.267,0.27384681025209967,0.3489976341360658,Batf,32812
peak_01278,chr12,7821755,7822827,2.219,0.00011361129846098654,0.0007889673504235176,Il2rb,36539
peak_01279,chr17,74717139,74718607,0.942,0.009529050618667906,0.02302029672986055,Id2,-32947
peak_01280,chr14,47229759,47230933,2.499,0.0024099580790622336,0.008008736280330211,Batf,-669
peak_01281,chr6,87909752,87910144,-1.626,0.0009648825506607322,0.0038650264271449545,Tcf7,-42631
peak_01282,chr5,81868480,81869650,1.118,0.006904671589383187,0.01823416792970912,Ets2,15956
peak_01283,chr15,86054197,86054626,1.676,0.0012575069501489086,0.004775342848666741,Tbx21,10590
peak_01284,chr15,72236550,72237393,-1.385,0.023491168087113774,0.048137639522774126,Satb1,20389
peak_01285,chr14,111460379,111460718,-0.618,0.18312988185032147,0.25132188726027654,Rag2,35722
peak_01286,chr9,63645306,63645556,-0.857,0.029947749609111767,0.05902972984713226,Crebbp,4497
peak_01287,chrX,111579915,111580443,2.583,0.00021414433331676732,0.0012596725489221609,Foxp3,17613
peak_01288,chr6,12679906,12681347,0.039,0.8877244072267119,0.8985064850472793,Ctcf,-1373
peak_01289,chr19,114926014,114926772,-1.001,0.057953392070115906,0.09927323280850538,Lag3,-47135
peak_01290,chr5,14510076,14511283,1.469,0.00788148632942288,0.02000377240970274,Brd4,7858
peak_01291,chr6,17895941,17896545,-1.313,0.004227892203975369,0.01236225790636073,Runx3,-19858
peak_01292,chr16,27378169,27378471,-1.901,0.00011538911466723423,0.0007939617981690428,Smc1a,-7545
peak_01293,chr3,12776580,12777650,1.888,0.004449219523267866,0.012929734646300001,Kdm6b,-10760
peak_01294,chr2,33802119,33802516,-0.939,0.0877107962716266,0.13507822834439415,Stat3,-12990
peak_01295,chr6,82675948,82677372,2.34,4.211296245657331e-05,0.0003782601418255088,Ikzf1,44331
peak_01296,chr7,67885630,67886627,-2.13,0.0026551456539603566,0.008510082224231911,Ikzf3,47948
peak_01297,chr8,118440859,118441217,1.285,0.024790264208155083,0.050318533575416276,Crebbp,-20493
peak_01298,chr12,71051824,71052774,2.465,0.0005745522448533835,0.0026439697239003575,Bach2,-5924
peak_01299,chr16,55114225,55115303,0.346,0.1840944755886808,0.2514951852304383,Ikzf1,-47936
peak_01300,chr4,53947316,53948317,0.399,0.14012665357042217,0.20075451800920083,Stat3,30444
peak_01301,chr16,47968486,47969303,-3.062,0.001732684366412179,0.0062177668651154745,Rad21,-23443
peak_01302,chr19,81870563,81871430,1.95,0.0010686083266677963,0.004141892739022466,Brd4,-7695
peak_01303,chr15,76426822,76427305,-0.289,0.28844280080069945,0.3629733231552426,Bcl11b,25659
peak_01304,chr14,69562835,69563709,-0.123,0.5758135889057541,0.6240819122894516,Cd8a,5830
peak_01305,chr13,70933226,70933581,1.259,0.004578994492009261,0.013107808660331854,Il2rb,42726
peak_01306,chr17,86060285,86061490,1.374,0.0024507731200278755,0.008079471824267721,Lef1,30897
peak_01307,chr1,109104675,109105141,0.06,0.8665560777582285,0.881243468906673,Lef1,-10018
peak_01308,chr19,22637297,22637631,2.941,1.976912612344162e-06,3.6258264953337296e-05,Bach2,45391
peak_01309,chr17,101963451,101964915,-0.78,0.06425724670990539,0.10673961247492589,Pdcd1,23394
peak_01310,chr11,30521870,30523232,0.639,0.07343232997133453,0.11798232237451406,Rag2,-864
peak_01311,chr9,92514206,92514851,-0.198,0.5470297265209961,0.6024556459482336,Cd28,24268
peak_01312,chr11,44770635,44771320,-0.433,0.11913424766672251,0.17468364760516497,Il17a,41703
peak_01313,chr15,75579174,75579529,1.676,0.0008258693802148776,0.0034350745847199645,Irf4,-27377
peak_01314,chr15,60124569,60125300,-2.785,0.00037411123924784625,0.0019022605385483708,Smarca4,-25447
peak_01315,chrX,98211273,98212713,-3.386,0.0001568016530194884,0.0010094527018422,Ccr7,7837
peak_01316,chr19,91890645,91891181,-2.995,0.0001555561531139433,0.0010057509899608402,Cd28,-33308
peak_01317,chr1,72445881,72446673,4.8,2.542565605368101e-09,1.8161182895486438e-07,Zeb2,-21026
peak_01318,chr3,110744879,110746278,-1.948,0.0001202899526727558,0.0008164476425752656,Gata3,-8732
peak_01319,chr8,101550160,101550662,1.26,0.002557650277806209,0.008309364148153234,Stat4,10079
peak_01320,chr1,34184780,34184372,0.87,0.020846835045583142,0.04373461897674785,Tet2,-22161
peak_01321,chr8,40177846,40178319,-0.63,0.08642775879639931,0.13351353058146137,Smarca4,17304
peak_01322,chr17,17012685,17013897,3.395,7.513272255695876e-08,2.561342814441776e-06,Cd4,1943
peak_01323,chrX,48290154,48291194,1.5,0.01715522639666592,0.037132524668108055,Ezh2,33893
peak_01324,chr7,94326469,94326868,-0.62,0.04703652868823983,0.0844055792899028,Myb,-26202
peak_01325,chr5,117395727,117396909,-0.485,0.1107207201372292,0.16411173933383774,Prdm1,-36482
peak_01326,chr19,104741150,104742027,-0.813,0.06391342361147155,0.10640414585705585,Runx3,-41646
peak_01327,chr7,77077666,77078992,-0.706,0.1507779232939455,0.2137683222503953,Ets1,-4961
peak_01328,chr15,3328408,3328881,0.721,0.15120447179985555,0.21417063994313817,Klrg1,-3845
peak_01329,chr9,73819922,73821305,-1.065,0.06682664187854195,0.1100328900305301,Tcf7,12230
peak_01330,chr10,65639827,65640534,-1.039,0.011984569435958563,0.02740374108831988,Lef1,8470
peak_01331,chr7,17098616,17100043,0.469,0.2817899447995919,0.35609512822189376,Ikzf3,-29616
peak_01332,chr19,118159695,118160142,0.26,0.299769420378586,0.3740882949815965,Ezh2,-44679
peak_01333,chr5,117913123,117914025,1.086,0.005073708310714043,0.014198810571028104,Lag3,-18949
peak_01334,chr17,70161331,70162033,1.456,0.05056545304315866,0.08881519855355736,Prdm1,-47162
peak_01335,chr6,76192612,76193300,0.678,0.16033158973270592,0.22537978120383087,Irf4,-7185
peak_01336,chr23,8554528,8554748,3.149,0.0001004815772647114,0.0007400948605221309,Rad21,9308
peak_01337,chr11,35985810,35986978,-0.535,0.2099435194506269,0.2809235318251029,Il4,-4754
peak_01338,chr15,77558119,77558332,-2.21,0.0017615772984222403,0.006276403676088742,Il7r,34662
peak_01339,chr14,91422425,91423434,0.387,0.38959820897010533,0.46270571136592087,Stat4,-49519
peak_01340,chr3,97369435,97370397,-0.346,0.2445421024270687,0.31786235150832154,Gata3,36180
peak_01341,chr13,96423203,96423623,1.047,0.008653737044193595,0.02131462326156058,Crebbp,-46686
peak_01342,chr18,15625161,15625993,1.498,0.0006189799023219043,0.002788197758206776,Runx1,24590
peak_01343,chr1,59324774,59325896,-1.282,0.05353583205718954,0.0931598005635549,Foxp3,-40653
peak_01344,chr4,8030213,8030647,1.011,0.08475574921309174,0.13188135250999752,Stat1,-46110
peak_01345,chr12,80926674,80928053,-1.451,0.012981660841157242,0.02950377463899373,Rad21,31039
peak_01346,chr14,24455455,24455969,-0.139,0.6743396691331603,0.7138387464359496,Stat5b,-22547
peak_01347,chr14,37827555,37827927,0.898,0.018276334789564808,0.039107706397071625,Brd4,-49352
peak_01348,chr16,79688781,79688405,0.8,0.18912892746618604,0.25673610063283175,Crebbp,38522
peak_01349,chr3,22706334,22706746,1.566,0.0027250692230039162,0.008641868571894027,Il21,10451
peak_01350,chr2,68325705,68326613,0.579,0.07737651612609875,0.12269003614074854,Rag1,-34106
peak_01351,chr5,63674837,63676279,-1.221,0.031849205041991395,0.062043905925957266,Klrg1,15075
peak_01352,chr14,25158931,25159765,-2.583,0.004745095292691645,0.013531640568512296,Ikzf2,-34787
peak_01353,chr14,72220258,72220897,0.886,0.03235854301841202,0.06279148063081245,Il2rb,15249
peak_01354,chr19,69246699,69247229,-2.071,0.0008869655015997067,0.0036251995978189644,Brd4,-26673
peak_01355,chr1,88492443,88492921,-3.594,1.9091918751676295e-07,5.113906808484722e-06,Rad21,-8540
peak_01356,chrX,34925363,34925930,-2.042,0.0009703390811124935,0.0038710335682679265,Sell,-27758
peak_01357,chr2,105260659,105260941,1.067,0.050022135905084975,0.088170627329762,Ctla4,42934
peak_01358,chr19,76340229,76341213,-1.421,0.003054220195629213,0.009465558457528554,Tet2,49556
peak_01359,chr2,104059343,104060832,3.933,7.61924222249383e-09,4.2329123458299055e-07,Pdcd1,35034
peak_01360,chr15,30780907,30781533,-0.598,0.060423429239968664,0.10206660344589301,Tbx21,22670
peak_01361,chr16,111201845,111203286,3.338,2.8891843790552657e-07,7.104551751775243e-06,Prdm1,-40415
peak_01362,chr10,106322279,106323233,-1.137,0.0322045493829002,0.06257360631392525,Klrg1,-3687
peak_01363,chr6,38524980,38526025,-2.346,0.00016910605783112355,0.0010569128614445222,Bcl11b,4957
peak_01364,chr14,68533795,68535186,0.195,0.44765734148641995,0.5153384591171373,Stat1,2901
peak_01365,chrX,83848039,83848947,1.011,0.008278178294757322,0.020595696611199723,Tet2,-25020
peak_01366,chr12,20225498,20225991,-1.367,0.05662181708590683,0.09739991471199569,Ikzf2,-1431
peak_01367,chr13,108348399,108349187,2.271,8.10472232343072e-05,0.0006266537878941279,Il17a,-8351
peak_01368,chr14,21439497,21440977,-0.779,0.05205416476010793,0.09100378454564323,Crebbp,42592
peak_01369,chr1,58170394,58171312,-1.698,0.020828121359059686,0.04373461897674785,Il7r,34566
peak_01370,chrX,85041613,85042689,2.412,0.007343773113676188,0.019089909400922634,Myc,-19065
peak_01371,chr4,68512066,68513254,4.332,4.311401927671256e-07,9.37261288624186e-06,Ikzf3,-34735
peak_01372,chr10,71830235,71830948,2.789,0.0005017887778465163,0.002389470370697697,Il17a,39825
peak_01373,chr16,21452617,21453398,-0.857,0.06519230346155484,0.10793427725422987,Cd3e,-41095
peak_01374,chr7,22986898,22988242,-1.952,0.0005218633091679758,0.0024693847436970465,Ep300,40115
peak_01375,chr9,62055293,62055867,-1.262,0.033765454119221085,0.06476749511359543,Stat5b,-28207
peak_01376,chr6,80846324,80846579,2.525,0.0012421432611873842,0.004753099213727236,Irf4,45545
peak_01377,chr4,95461336,95462496,3.336,0.00037171758803007063,0.0018965183062758706,Ikzf1,8390
peak_01378,chr7,8844315,8844905,2.733,0.00014043038009893416,0.0009158503049930489,Rag1,11694
peak_01379,chr3,49806489,49807135,-0.29,0.5559175895034657,0.6094578701476698,Ets2,-29104
peak_01380,chr5,116233579,116234144,-0.693,0.07408618126356728,0.11885483625171223,Cd8b1,-46804
peak_01381,chr7,107369709,107370335,0.871,0.10082572614796768,0.15199858213261458,Runx1,-35831
peak_01382,chr5,24509699,24510536,-1.815,0.009672074799069076,0.023199016641521013,Tet2,-3044
peak_01383,chr16,66615176,66615700,-0.9,0.04584427087168571,0.08265193065808722,Ikzf3,-17167
peak_01384,chr7,83848548,83848933,-2.637,1.9464734417615452e-05,0.00021952707989791864,Stat1,38122
peak_01385,chr9,93414444,93415768,0.521,0.11565064738379503,0.17057617608229356,Rag2,13750
peak_01386,chr6,44057168,44057472,-1.085,0.016446400643915525,0.03580493608980158,Lag3,-947
peak_01387,chr16,39286287,39287031,1.824,0.001466853678347664,0.005366537847613405,Ets1,-48649
peak_01388,chr11,114020635,114021887,-0.672,0.04756441627788872,0.08483546304022958,Id3,-33831
peak_01389,chr3,24092280,24092746,2.701,0.0016089632980846723,0.0058295771669734505,Rorc,-41975
peak_01390,chr10,72114336,72115602,2.415,0.0036953496508530105,0.011063921110338354,Rorc,-8309
peak_01391,chr11,18990774,18992036,1.32,0.007619153957628568,0.01953629219904761,Crebbp,38654
peak_01392,chr2,33711081,33712560,-0.025,0.899249814115193,0.907721885042254,Il21,25768
peak_01393,chr16,14640934,14641809,-1.691,0.0006659313850500435,0.002904509627707661,Il7r,-17291
peak_01394,chr14,93688900,93690073,-1.135,0.03001526038333648,0.05908515823491432,Lef1,49705
peak_01395,chr17,58154339,58154836,0.216,0.5719642211029716,0.621250059127051,Smc1a,26669
peak_01396,chr1,51103977,51104312,-0.741,0.030475995966193777,0.059835070614254804,Ccr7,-22111
peak_01397,chr4,92735138,92734816,0.831,0.01877197259591875,0.039997100701531424,Il17a,13649
peak_01398,chr11,28085890,28086336,2.009,0.001011261978747326,0.0039918236003183925,Rad21,1815
peak_01399,chr14,16772060,16772623,1.136,0.007895968500817483,0.020006676944638892,Klrg1,37120
peak_01400,chr2,90084944,90085772,-0.774,0.11755167116275766,0.17287593121647424,Id3,-27952
peak_01401,chr1,26973577,26973881,-0.84,0.02648348200141679,0.05317968273376865,Stat5a,-43482
peak_01402,chr17,63822974,63823486,-5.193,8.397640943527391e-10,7.872788384556929e-08,Myb,29632
peak_01403,chr8,110460078,110460692,-0.089,0.7353155465005398,0.7648913451808667,Notch1,24713
peak_01404,chr13,31140428,31141311,-0.161,0.7176173567650432,0.7496003030275521,Myb,-32527
peak_01405,chr4,80756965,80757760,0.388,0.42427861932596206,0.4937299681838193,Il7r,26846
peak_01406,chr19,78468950,78469620,0.979,0.021289145926639424,0.044475931601614394,Crebbp,-32757
peak_01407,chr2,56504859,56505371,4.315,5.021905246845206e-10,5.021905246845206e-08,Runx1,-36621
peak_01408,chr13,40280383,40281498,-0.481,0.3644952375181878,0.4398574869487383,Brd4,4906
peak_01409,chr9,65785608,65786823,2.918,0.0002530982914127777,0.0014303189782253283,Prdm1,-34104
peak_01410,chr8,89797675,89798517,-0.432,0.3444945848502142,0.42045718248602226,Zeb2,-41642
peak_01411,chr10,118247146,118248539,4.619,3.4083226375180137e-07,7.74618781254094e-06,Tet2,-43687
peak_01412,chr12,30912951,30913913,-1.111,0.008742410336402306,0.021462545834048215,Tbx21,3257
peak_01413,chr5,41569925,41570173,-3.691,1.4697870582309238e-07,4.239770360281511e-06,Myc,-7985
peak_01414,chr2,96312700,96313996,0.94,0.09790312734052849,0.1481704657416558,Lag3,37955
peak_01415,chr18,36636119,36636579,-0.943,0.0967290451104463,0.14670734849916023,Hdac3,-47444
peak_01416,chr13,104793012,104793988,-1.119,0.004271643435784655,0.012465885512990238,Stat3,-10526
peak_01417,chr5,96165365,96166669,1.726,0.007416052466038209,0.01917944603285744,Ifng,-5143
peak_01418,chrX,66830368,66831841,-0.429,0.11847755071977524,0.17389073001923958,Myb,10109
peak_01419,chr12,22054526,22055426,0.248,0.4259003697673066,0.49441757294796523,Ikzf1,9608
peak_01420,chr1,39139853,39140621,-0.397,0.2021027493681161,0.2716434803334894,Cd28,-17780
peak_01421,chr16,1873599,1874168,0.081,0.7722229895989261,0.7988513685506132,Ets2,16346
peak_01422,chr6,33104740,33105719,-1.452,0.014024659019396833,0.031323076096004154,Ets1,7802
peak_01423,chr9,42751010,42751636,-0.692,0.16861372529980953,0.2349382064536765,Lag3,-36385
peak_01424,chr11,74772127,74772542,0.545,0.19667373433311394,0.2662550555051182,Rad21,-23148
peak_01425,chr7,25466082,25466327,0.242,0.40304280734096204,0.4760348118200339,Cd8b1,10607
peak_01426,chr12,70930361,70931014,-1.499,0.0015161077558819207,0.005533239984970514,Tet2,-14455
peak_01427,chr5,24719565,24720775,-0.563,0.16047040421712758,0.22537978120383087,Lef1,-13058
peak_01428,chrX,34328233,34329204,0.668,0.1414953867413988,0.20232896102201925,Il21,1645
peak_01429,chr1,79503077,79504145,0.834,0.04474908193434379,0.08149812682260008,Klrg1,26379
peak_01430,chr18,99046295,99046856,1.929,0.00016629601607663394,0.0010508781089067151,Lag3,6916
peak_01431,chrX,23970939,23972043,0.387,0.3690605989201707,0.4439381703129559,Satb1,-43565
peak_01432,chr15,105167261,105167749,0.043,0.8598441377105518,0.8750109949564637,Stat1,15723
peak_01433,chr9,3117798,3118300,3.234,5.060273555862929e-06,7.515257756232072e-05,Crebbp,-48345
peak_01434,chr18,76707935,76708977,-0.742,0.07584873481801453,0.12065016142844305,Ctcf,39228
peak_01435,chr19,18995632,18996516,0.538,0.14172122351737104,0.20236848571453614,Hdac3,-13159
peak_01436,chr1,71335506,71336823,-0.122,0.6846915275090029,0.7222484467394545,Smc1a,-29665
peak_01437,chr3,102538946,102539170,5.447,6.348225182819754e-09,3.9676407392623457e-07,Il2rb,8016
peak_01438,chr13,12094179,12095130,2.125,0.009970096435465165,0.023700704680186604,Hdac3,-41803
peak_01439,chr5,66431329,66432447,-1.625,0.01337263588046521,0.03011854928032705,Dnmt3a,-34743
peak_01440,chr6,106770175,106770851,0.229,0.49434583602876986,0.5583725557553877,Ctla4,-34872
peak_01441,chr3,75699311,75699760,-2.072,0.0025431903382341138,0.008293011972502545,Rag2,26616
peak_01442,chr10,86234811,86235059,0.599,0.08604448805188505,0.13305848667817277,Il2rb,-48676
peak_01443,chr2,119790905,119791392,1.558,,0.0484265852615568,Tnf,13693
peak_01444,chr18,29581480,29581897,-0.877,,0.029537299368219562,Il2rb,22461
peak_01445,chr11,23258950,23260107,2.729,0.0006833190892647976,0.0029538289161302493,Ets1,37681
peak_01446,chr7,28878233,28879161,0.511,0.31400493215419023,0.38894087384912085,Satb1,-9031
peak_01447,chr14,68103682,68104430,-0.373,0.3956946526228793,0.4680930433235953,Cd3e,-28343
peak_01448,chr16,57241631,57242160,0.853,0.026101225493727266,0.052482356890872515,Il21,-38206
peak_01449,chr2,90176702,90177357,-1.216,0.0061370810979434615,0.016646693755723675,Foxp3,-31558
peak_01450,chr5,75903152,75903395,2.167,3.705172264579597e-05,0.0003495445532622261,Cd8b1,37749
peak_01451,chr5,43494295,43495316,-1.775,0.00046767278617035915,0.0022776272053751257,Lef1,-29230
peak_01452,chr9,44580996,44582290,2.526,0.0021781385683512715,0.0074593786587372314,Rad21,42867
peak_01453,chr1,106783893,106784760,0.135,0.5132081501591204,0.5753454598196417,Rad21,35593
peak_01454,chr15,119593360,119594199,0.127,0.6719636526850356,0.7123289604435006,Cd8a,-30515
peak_01455,chr9,26271842,26272197,1.2,,0.018708244104763728,Rag2,40453
peak_01456,chr5,21222482,21223154,2.7,1.9821184841157722e-06,3.6258264953337296e-05,Bcl11b,-7374
peak_01457,chr14,109171314,109171849,2.694,1.3524126493416872e-05,0.00015848585734472897,Cd8a,-36898
peak_01458,chr19,80964977,80965549,-1.215,0.004347509244270622,0.012662648284283365,Il7r,-34065
peak_01459,chr7,87391389,87391838,-3.161,8.354111318554375e-06,0.00011289339619668076,Sell,34034
peak_01460,chr7,53638459,53639446,-0.306,0.4034639956670428,0.4761573512986343,Brd4,39163
peak_01461,chr9,13383983,13384878,-1.449,0.007152957150482239,0.018757754765250628,Stat4,7161
peak_01462,chr15,41707656,41708051,0.465,0.198085718164542,0.26768340292505677,Myc,21205
peak_01463,chr5,91206243,91206619,-1.952,0.0035990265284930292,0.010825927222817704,Tbx21,-44783
peak_01464,chr16,37926228,37927396,-2.173,0.000535573939217488,0.002510502840081975,Stat1,6034
peak_01465,chr5,15054680,15055082,0.409,0.3817831691291524,0.45486477656372404,Tet2,-23591
peak_01466,chr8,76870921,76871600,3.177,2.3134857500185137e-06,3.943441619349739e-05,Myc,-32590
peak_01467,chr6,116589926,116590546,1.148,0.06115071319233086,0.10306299976235538,Smc1a,-22159
peak_01468,chr16,117243886,117244447,-1.837,0.005790180237910816,0.015820164584455784,Brd4,-42853
peak_01469,chrX,28489155,28490316,-1.426,0.0008986663462599481,0.003648602213626137,Tbx21,-16825
peak_01470,chr13,24028889,24029996,-0.465,0.30873868483149364,0.38368519241693494,Cd28,6875
peak_01471,chr1,26966138,26967180,3.108,0.00036589555586695206,0.0018731854395919046,Bach2,-42897
peak_01472,chr9,5249808,5251160,-2.265,3.239375870163287e-05,0.000318932262750016,Runx3,40403
peak_01473,chr8,116883728,116884500,-2.032,5.7775016263777144e-05,0.00048218898605202853,Id2,-45610
peak_01474,chr10,83175109,83175838,-1.727,0.00237262450159858,0.007926362477500825,Stat1,-12439
peak_01475,chr5,118559294,118559695,-0.076,0.8154482303842208,0.8353387160291549,Ets2,-41728
peak_01476,chr10,1401065,1402236,-0.404,0.2303773116639369,0.30286237291490387,Id2,2338
peak_01477,chr3,118741361,118742378,-1.219,0.010540294864491854,0.0246652765939747,Stat4,6415
peak_01478,chr15,94450101,94451590,-2.082,0.0022813777128511607,0.007724755235387677,Id2,-24301
peak_01479,chr2,14513320,14514662,2.205,6.604042163030214e-05,0.0005325840454056623,Cd3e,12544
peak_01480,chr19,90111121,90111943,0.428,0.26172648774346746,0.3372764017312725,Tet2,46872
peak_01481,chr10,58845850,58846580,1.426,0.03299420964129893,0.06380135196232838,Rad21,-43720
peak_01482,chr11,101031913,101033332,1.761,0.0008267079500559381,0.0034350745847199645,Tcf7,4209
peak_01483,chr5,116467398,116468830,-0.191,0.45129587494551104,0.5175411409925585,Id3,-35786
peak_01484,chrX,78750543,78751663,-2.508,0.0038770596783612903,0.011493259916090782,Foxp3,34287
peak_01485,chr5,102746613,102747294,-2.158,0.0015630298105557205,0.005690642514159177,Sell,43472
peak_01486,chr2,6987888,6989051,-1.579,0.0009801020729644956,0.0038996103698852613,Runx1,-39442
peak_01487,chr7,76621271,76621556,0.055,0.7982484108639063,0.8218068746025116,Cd4,-16947
peak_01488,chr14,17765125,17765951,2.007,0.017569801450725737,0.03786595140242616,Stat4,-45543
peak_01489,chr4,20056397,20057466,1.818,0.0004194454607905578,0.0021042414420930993,Gata3,30112
peak_01490,chr8,52507391,52508122,1.06,0.006675775545370765,0.017754722195135013,Bach2,-48137
peak_01491,chr13,3826550,3827980,-1.143,0.006335595776859543,0.016970345830873774,Crebbp,21493
peak_01492,chr14,8261954,8263158,-0.231,0.48736690010274714,0.5521528324426893,Cd28,9007
peak_01493,chr7,15651823,15653195,0.164,0.4858097477860694,0.5508047027052941,Myb,-20841
peak_01494,chr1,17097749,17098975,-0.673,0.04029079038076175,0.07442879996446136,Cd28,47373
peak_01495,chr3,29373934,29374446,-1.399,0.0013666872150488898,0.005112296315644227,Smarca4,13269
peak_01496,chrX,82507511,82508619,-0.905,0.06869512127726558,0.11236933687666126,Ikzf2,38967
peak_01497,chr15,20776761,20777945,-1.376,0.001769827070368679,0.006281216232359737,Ets2,36037
peak_01498,chrX,93494748,93496048,2.736,0.0024132991991395033,0.008008736280330211,Cd8b1,21784
peak_01499,chr18,61815078,61816448,-1.534,0.0005665159675347141,0.0026289901484954754,Stat5a,37696
peak_01500,chr12,38359722,38360949,-1.887,0.015442981296146524,0.0340153773042875,Dntt,48898
peak_00092,chr15,62246922,62247381,-1.179,0.021622615293225116,0.0449508525186498,Prdm1,-6383
peak_00076,chr11,44444858,44446165,-0.007,0.984719449391843,0.9853763669698228,Runx1,2801
peak_01265,chr1,86678536,86679451,-1.305,0.07318654492688363,0.11785725295948737,Ets1,-24764
peak_00331,chr2,32395779,32396495,1.299,0.02690270762401295,0.053945580054103305,Ets1,-41397
